query_id,person_id,image_path,source_image_path,image_width,image_height,image_sha256
bq_13c39cf25e7c819a,12341,images/benchmark_ground_truth/bq_13c39cf25e7c819a.jpg,/mnt/data/lab_datasets/CUHK-PEDES/imgs/CUHK03/1375_1.jpg,84,244,6406cc21ecfdcf02e3ace9cf9114510e033850de6c0fc780616b3836c4c1bb6d
bq_5cfd2ba01c449f01,12971,images/benchmark_ground_truth/bq_5cfd2ba01c449f01.jpg,/mnt/data/lab_datasets/CUHK-PEDES/imgs/Market/0246_c2s1_050601_00.jpg,64,128,631ab69f3003b3f0af954cc3ddda40236b62c9db0c5aea30b134094f1d5efe8d
bq_842cd1e0d06eddd9,12137,images/benchmark_ground_truth/bq_842cd1e0d06eddd9.jpg,/mnt/data/lab_datasets/CUHK-PEDES/imgs/train_query/p9218_s18135.jpg,100,323,587f527fa8b78f0f87c2ad06dec8883a705f4d03e638b9abb8c9588bbf991095
bq_ecec7d0b8d05a8c4,12790,images/benchmark_ground_truth/bq_ecec7d0b8d05a8c4.jpg,/mnt/data/lab_datasets/CUHK-PEDES/imgs/CUHK03/404_4.jpg,131,391,714e8271cea104bb479e152ad84e540c8ed7359914e4e36a52fbefa2b20032c9
bq_a820f09f3187ba29,12526,images/benchmark_ground_truth/bq_a820f09f3187ba29.jpg,/mnt/data/lab_datasets/CUHK-PEDES/imgs/test_query/p5663_s7296.jpg,156,416,2cefeccf2b92ff07189c901563b522e06ac0c638e0fa2a75b12d0456ddf514e9
bq_9b1f3f5f52fa29b9,12124,images/benchmark_ground_truth/bq_9b1f3f5f52fa29b9.png,/mnt/data/lab_datasets/CUHK-PEDES/imgs/CUHK01/0657002.png,60,160,82c8b6f4c883c2d34164f86d4bafb817fb7280a2f9e5376cf470a038550bb556
bq_365af23db59968c9,12446,images/benchmark_ground_truth/bq_365af23db59968c9.jpg,/mnt/data/lab_datasets/CUHK-PEDES/imgs/CUHK03/1235_1.jpg,50,168,ffc6f431865631376d11cd03bd1b4d7f9ccb6bc2056ee7e0ccc6db9d1a7f3bd4
bq_32f6ab5a8e28a797,12583,images/benchmark_ground_truth/bq_32f6ab5a8e28a797.png,/mnt/data/lab_datasets/CUHK-PEDES/imgs/CUHK01/0715004.png,60,160,f5de779ec2681e609434367116cab4b9ec6ec30c3ce1ff48604c09defdb84381
bq_b1705794d5e92401,12973,images/benchmark_ground_truth/bq_b1705794d5e92401.jpg,/mnt/data/lab_datasets/CUHK-PEDES/imgs/test_query/p2060_s2300.jpg,188,568,5ae44365807e5ef756ee1960b92324e9c410ec5169392c9f7ac8a2453776508a
bq_82a27de6df0bc7da,12762,images/benchmark_ground_truth/bq_82a27de6df0bc7da.jpg,/mnt/data/lab_datasets/CUHK-PEDES/imgs/train_query/p9623_s16139.jpg,164,400,0aac588fb022e082325d88d0f9e9c5029677080740c7be554efe2e3572872302
bq_a941ab91a23d52a6,12819,images/benchmark_ground_truth/bq_a941ab91a23d52a6.jpg,/mnt/data/lab_datasets/CUHK-PEDES/imgs/train_query/p4205_s5316.jpg,110,296,43c7263be49eb9cd93c2b19d62709df8ad50d6f86a8ed487f62f5b5e5cae8d54
bq_930afa69ef34bd90,12683,images/benchmark_ground_truth/bq_930afa69ef34bd90.jpg,/mnt/data/lab_datasets/CUHK-PEDES/imgs/train_query/p8464_s17207.jpg,134,330,1b115827b98d0a2b14e6ad421069d9fdae03802cdd1621db282375133f5b0725
bq_d31e9c589852a483,12632,images/benchmark_ground_truth/bq_d31e9c589852a483.jpg,/mnt/data/lab_datasets/CUHK-PEDES/imgs/train_query/p6300_s8256.jpg,158,467,a8feea1118494cfa873db36b5920f801b55e7ff5a59f7a2dae2af3d55b9b93ea
bq_d34bfdf285419f11,12244,images/benchmark_ground_truth/bq_d34bfdf285419f11.jpg,/mnt/data/lab_datasets/CUHK-PEDES/imgs/Market/0542_c3s1_155583_00.jpg,64,128,806c973ed20e1af0581f91d42aef1f8d9aff2b6c746d460dd965a16dfe6747b8
bq_507b88d4cf039d03,12584,images/benchmark_ground_truth/bq_507b88d4cf039d03.png,/mnt/data/lab_datasets/CUHK-PEDES/imgs/CUHK01/0927001.png,60,160,e424ae6d6202ab081a2efb1c9928901b1630b76f7d2ab8bfcb96c7cbd87e7680
bq_3d8858ae618f87e9,12502,images/benchmark_ground_truth/bq_3d8858ae618f87e9.jpg,/mnt/data/lab_datasets/CUHK-PEDES/imgs/train_query/p2453_s2947.jpg,122,397,f30ec541d3261d50c210dfbd7eab2a8631aa16442d2121f99a15bad1077c68da
bq_a8f490303259d478,12406,images/benchmark_ground_truth/bq_a8f490303259d478.jpg,/mnt/data/lab_datasets/CUHK-PEDES/imgs/train_query/p11421_s16930.jpg,108,303,1c5cbb6c0ac29dd357a7ebff826ca99e314f4f35aeb46e67219ea4c8a5019a44
bq_c6241bca70971bfa,12089,images/benchmark_ground_truth/bq_c6241bca70971bfa.jpg,/mnt/data/lab_datasets/CUHK-PEDES/imgs/test_query/p8508_s17275.jpg,93,415,2e2e216ad3febe1fe317d0a93e7b3827d58dbb55b2b36bd51a5e36fc794a0cb1
bq_92c86105609a8159,12984,images/benchmark_ground_truth/bq_92c86105609a8159.jpg,/mnt/data/lab_datasets/CUHK-PEDES/imgs/test_query/p7884_s10036.jpg,71,185,3d5e4751f35509d720111e9abd7fbdd2a33e866d9deb5d3230cbcc1fca30eedc
bq_a6cbadef4569cc01,12533,images/benchmark_ground_truth/bq_a6cbadef4569cc01.jpg,/mnt/data/lab_datasets/CUHK-PEDES/imgs/test_query/p1256_s11939.jpg,33,85,8179d1cd6642e031b31859a7c7659590c32209853fe9b5d91e7fdc9a7b8cd045
bq_9339ee9f0415f468,12274,images/benchmark_ground_truth/bq_9339ee9f0415f468.jpg,/mnt/data/lab_datasets/CUHK-PEDES/imgs/train_query/p4407_s5618.jpg,56,145,a62ecf69e6979cd03e8545b1f8ad1d20c47b72fd5ed1af8bb900ce7fe7765450
bq_53e2e0d9798a71e7,12920,images/benchmark_ground_truth/bq_53e2e0d9798a71e7.jpg,/mnt/data/lab_datasets/CUHK-PEDES/imgs/test_query/p2447_s2938.jpg,130,388,680bc92e8bff1115ee92ca7a3505487fa52a9ddb3f9e03d7c8ff5e61047ce6a3
bq_c10dfd60c354870c,12012,images/benchmark_ground_truth/bq_c10dfd60c354870c.jpg,/mnt/data/lab_datasets/CUHK-PEDES/imgs/Market/0305_c3s3_065569_00.jpg,64,128,b24d4ffb691108681b95a17c6fbd9589d5b2c0d82bd755e5c726e6000c61d6f7
bq_25b1a337b46f3ef8,12306,images/benchmark_ground_truth/bq_25b1a337b46f3ef8.jpg,/mnt/data/lab_datasets/CUHK-PEDES/imgs/Market/0290_c5s1_078673_00.jpg,64,128,b907b81216ca281e5550f90d239fff9267cf08a76d9c8c36fef9fe4b9f2a523c
bq_55371e35b4c9f24c,12862,images/benchmark_ground_truth/bq_55371e35b4c9f24c.jpg,/mnt/data/lab_datasets/CUHK-PEDES/imgs/CUHK03/796_1.jpg,104,284,e0709ccfff54a32506e55ef26633a276037a5fb700ad074078de8d12c38db1a5
bq_8f95a29b1699bcf1,12013,images/benchmark_ground_truth/bq_8f95a29b1699bcf1.jpg,/mnt/data/lab_datasets/CUHK-PEDES/imgs/Market/0079_c4s1_011376_00.jpg,64,128,a212c1e502367ba15aed5d562f185ae4d3333e903d74a6de63cca1f51082d8cc
bq_1a7bb0e9b2643a78,12355,images/benchmark_ground_truth/bq_1a7bb0e9b2643a78.jpg,/mnt/data/lab_datasets/CUHK-PEDES/imgs/train_query/p3712_s4585.jpg,149,383,2545830ccffd137a82b482a0987e99d135b9b9bf1f9c409d630a6e3825c50690
bq_35d05d3a7c3d75cb,12246,images/benchmark_ground_truth/bq_35d05d3a7c3d75cb.jpg,/mnt/data/lab_datasets/CUHK-PEDES/imgs/CUHK03/1004_3.jpg,93,277,d1676e01361db8b5445224a9cd83b9c0781f04039062d572fb3208d630ffcc06
bq_7502b42cb60e1d53,12631,images/benchmark_ground_truth/bq_7502b42cb60e1d53.jpg,/mnt/data/lab_datasets/CUHK-PEDES/imgs/train_query/p1500_s12309.jpg,41,110,44df34fb02802fb50f65a92194240fc7dd4eedb856a3815764304744467caf4a
bq_99965ad698f33610,12614,images/benchmark_ground_truth/bq_99965ad698f33610.jpg,/mnt/data/lab_datasets/CUHK-PEDES/imgs/train_query/p2631_s3340.jpg,189,528,85424dfb7046171da8abef8c57f659470d641d8b49be4590f09d572635632b43
bq_bb71af4f38d81da3,12696,images/benchmark_ground_truth/bq_bb71af4f38d81da3.bmp,/mnt/data/lab_datasets/CUHK-PEDES/imgs/cam_b/557_90.bmp,48,128,e2be299db678db3530e2797bdc5db854115ed798231ea03e3ae0dfb28e6777dd
bq_734253ab797c276f,12714,images/benchmark_ground_truth/bq_734253ab797c276f.png,/mnt/data/lab_datasets/CUHK-PEDES/imgs/CUHK01/0140002.png,60,160,1ec5af57cc31f76879f2bdb46f61315c5448a470986b0bb3c9de7567cd8adb85
bq_89b04f0c0165d447,12232,images/benchmark_ground_truth/bq_89b04f0c0165d447.bmp,/mnt/data/lab_datasets/CUHK-PEDES/imgs/cam_b/122_90.bmp,48,128,d803501083864bff3a278066955feaf40fb87be802ec6e8f5129b30e6470a662
bq_4a9a5c4b9a88ab21,12473,images/benchmark_ground_truth/bq_4a9a5c4b9a88ab21.jpg,/mnt/data/lab_datasets/CUHK-PEDES/imgs/train_query/p8990_s17876.jpg,74,231,0c51c5e2c563f88d0ec9cb2f2d369afd424008fe2c44cf971817a956c4847a33
bq_35446f9006eda2de,12601,images/benchmark_ground_truth/bq_35446f9006eda2de.jpg,/mnt/data/lab_datasets/CUHK-PEDES/imgs/train_query/p6125_s7954.jpg,125,336,1661bc3c354fccf1e4a8fff4eccc9208e7dda89e81b2389a124c8288aa75ca56
bq_ffb62614169cffd2,12827,images/benchmark_ground_truth/bq_ffb62614169cffd2.jpg,/mnt/data/lab_datasets/CUHK-PEDES/imgs/Market/0438_c3s1_128433_00.jpg,64,128,0265aefee9be3cedca7307b2a5fae8fe3eea5fd7d804803fdb6c6dbe283a5575
bq_ba184e797590db90,12008,images/benchmark_ground_truth/bq_ba184e797590db90.jpg,/mnt/data/lab_datasets/CUHK-PEDES/imgs/CUHK03/672_1.jpg,115,327,0674a24b6d0fec2305d477f834cfef62b1e1dd09cf070807b4f8532151c27824
bq_cab182829494b5c7,12117,images/benchmark_ground_truth/bq_cab182829494b5c7.bmp,/mnt/data/lab_datasets/CUHK-PEDES/imgs/cam_b/152_90.bmp,48,128,a90fb27b99292d21ef70619600ac594c39856f324fa16c279538848f4fdf2297
bq_30ee7c41420e4d09,12897,images/benchmark_ground_truth/bq_30ee7c41420e4d09.jpg,/mnt/data/lab_datasets/CUHK-PEDES/imgs/test_query/p6047_s7835.jpg,154,408,6c2d5e06035b7c9866714b11327a909e5955e3c875a8796f9e56b8aed1f70b37
bq_8002927f88c94ed9,12198,images/benchmark_ground_truth/bq_8002927f88c94ed9.bmp,/mnt/data/lab_datasets/CUHK-PEDES/imgs/cam_a/057_45.bmp,48,128,a19009987671b3661792e59c2c2ee7a64007c847fb2716ddea5cef2a45bb1e4c
bq_831e2d23c9d316bd,12518,images/benchmark_ground_truth/bq_831e2d23c9d316bd.jpg,/mnt/data/lab_datasets/CUHK-PEDES/imgs/train_query/p676_s1272.jpg,133,370,36671bf2aef935356df02278fa4140d3b86ee4e36c243991f8c00ab8d395d285
bq_4aba2a3b15032db7,12264,images/benchmark_ground_truth/bq_4aba2a3b15032db7.jpg,/mnt/data/lab_datasets/CUHK-PEDES/imgs/train_query/p10592_s12858.jpg,98,280,7acad6190a1d0f00988d76430c5dcbb775a8a29805b667dc1d8295ec97158873
bq_29d5996a92f93631,12779,images/benchmark_ground_truth/bq_29d5996a92f93631.jpg,/mnt/data/lab_datasets/CUHK-PEDES/imgs/train_query/p10132_s14222.jpg,142,368,ebb79de4bb2f5453b59adbf51844c6bbd898d586c1ebe777ce2628ea5caa080a
bq_1e70f1673fa9794d,12592,images/benchmark_ground_truth/bq_1e70f1673fa9794d.jpg,/mnt/data/lab_datasets/CUHK-PEDES/imgs/train_query/p3238_s4144.jpg,137,369,6b415b77bc3c008d9c93b0a816ab1dc99050c2107f34b71a4b790f71c4cdb666
bq_24bbe49ecb254e54,12431,images/benchmark_ground_truth/bq_24bbe49ecb254e54.jpg,/mnt/data/lab_datasets/CUHK-PEDES/imgs/train_query/p10287_s12842.jpg,121,370,6f524fcee8f5426da956da59bfa1ceb52b0cb30319c7db02396cb2e20d12cebf
bq_b62ff5e52cb98c21,12336,images/benchmark_ground_truth/bq_b62ff5e52cb98c21.jpg,/mnt/data/lab_datasets/CUHK-PEDES/imgs/train_query/p9931_s16762.jpg,112,370,6032a0328a10b4ccb48f703831da3ddec75ea1c4c84b042c730289ea3d57eca1
bq_66b3a8789e6a262f,12211,images/benchmark_ground_truth/bq_66b3a8789e6a262f.jpg,/mnt/data/lab_datasets/CUHK-PEDES/imgs/Market/0400_c3s1_094592_00.jpg,64,128,e21acb5b36ded0da2fa82b54d2addd808a404f15f7ce012785ce6504a22a5b42
bq_6b3b347c75d851bc,12935,images/benchmark_ground_truth/bq_6b3b347c75d851bc.jpg,/mnt/data/lab_datasets/CUHK-PEDES/imgs/train_query/p10477_s13596.jpg,116,357,656daf11e12d4f366d0c3ec01f9832696faa3980f951e6fc8130bd1a8b8d9425
