sample_index,query_id,person_id,caption,paired_baseline_rank,fine_tuned_demo_rank,hf_reference_rank,rank_improvement,paired_baseline_to_finetuned_outcome,baseline_hit_at_1,finetuned_hit_at_1,baseline_hit_at_5,finetuned_hit_at_5,baseline_hit_at_10,finetuned_hit_at_10,ground_truth_gallery_image,image_width,image_height,image_sha256,source_evaluation_date,evidence_scope,image_note
1,bq_13c39cf25e7c819a,12341,"A woman wearing a white shirt, a pair of shorts and a pair of shoes.",6,1,57,5,improved,0,1,0,1,1,1,images/benchmark_ground_truth/bq_13c39cf25e7c819a.jpg,84,244,6406cc21ecfdcf02e3ace9cf9114510e033850de6c0fc780616b3836c4c1bb6d,2026-09-25,"fixed 48-query sample; supplementary demo model, not the pure FP32 training run",one same-person-ID test-gallery image; not the model's retrieved top result
2,bq_5cfd2ba01c449f01,12971,"A man is riding a bicycle. He has short dark colored hair. Wearing a white t-shirt, gray colored shorts.",3,1,4,2,improved,0,1,1,1,1,1,images/benchmark_ground_truth/bq_5cfd2ba01c449f01.jpg,64,128,631ab69f3003b3f0af954cc3ddda40236b62c9db0c5aea30b134094f1d5efe8d,2026-09-25,"fixed 48-query sample; supplementary demo model, not the pure FP32 training run",one same-person-ID test-gallery image; not the model's retrieved top result
3,bq_842cd1e0d06eddd9,12137,"The woman has long brown hair. She is wearing a medium length black and green dress, and black sandals. ",564,12,1161,552,improved,0,0,0,0,0,0,images/benchmark_ground_truth/bq_842cd1e0d06eddd9.jpg,100,323,587f527fa8b78f0f87c2ad06dec8883a705f4d03e638b9abb8c9588bbf991095,2026-09-25,"fixed 48-query sample; supplementary demo model, not the pure FP32 training run",one same-person-ID test-gallery image; not the model's retrieved top result
4,bq_ecec7d0b8d05a8c4,12790,"A man with black hair is wearing glasses, a plaid blue dress shirt, a large tan jacket, blue jeans and sneakers.",34,1,112,33,improved,0,1,0,1,0,1,images/benchmark_ground_truth/bq_ecec7d0b8d05a8c4.jpg,131,391,714e8271cea104bb479e152ad84e540c8ed7359914e4e36a52fbefa2b20032c9,2026-09-25,"fixed 48-query sample; supplementary demo model, not the pure FP32 training run",one same-person-ID test-gallery image; not the model's retrieved top result
5,bq_a820f09f3187ba29,12526,"She is an older woman with short black hair, wearing a gray t-shirt with blue and green printed designs, black straight legged pants and low heeled slide shoes.",50,7,47,43,improved,0,0,0,0,0,1,images/benchmark_ground_truth/bq_a820f09f3187ba29.jpg,156,416,2cefeccf2b92ff07189c901563b522e06ac0c638e0fa2a75b12d0456ddf514e9,2026-09-25,"fixed 48-query sample; supplementary demo model, not the pure FP32 training run",one same-person-ID test-gallery image; not the model's retrieved top result
6,bq_9b1f3f5f52fa29b9,12124,"Young man with dark hair carrying a messenger bag and wearing black jacket, blue jeans, and white shoes. ",80,1,608,79,improved,0,1,0,1,0,1,images/benchmark_ground_truth/bq_9b1f3f5f52fa29b9.png,60,160,82c8b6f4c883c2d34164f86d4bafb817fb7280a2f9e5376cf470a038550bb556,2026-09-25,"fixed 48-query sample; supplementary demo model, not the pure FP32 training run",one same-person-ID test-gallery image; not the model's retrieved top result
7,bq_365af23db59968c9,12446,"A man wearing a black and gray shirt, a pair of white pants and a pair of white shoes.",488,1,954,487,improved,0,1,0,1,0,1,images/benchmark_ground_truth/bq_365af23db59968c9.jpg,50,168,ffc6f431865631376d11cd03bd1b4d7f9ccb6bc2056ee7e0ccc6db9d1a7f3bd4,2026-09-25,"fixed 48-query sample; supplementary demo model, not the pure FP32 training run",one same-person-ID test-gallery image; not the model's retrieved top result
8,bq_32f6ab5a8e28a797,12583,He has longish hair and glasses and is wearing a gray jacket and sweater with black pants and sneakers.,30,24,71,6,improved,0,0,0,0,0,0,images/benchmark_ground_truth/bq_32f6ab5a8e28a797.png,60,160,f5de779ec2681e609434367116cab4b9ec6ec30c3ce1ff48604c09defdb84381,2026-09-25,"fixed 48-query sample; supplementary demo model, not the pure FP32 training run",one same-person-ID test-gallery image; not the model's retrieved top result
9,bq_b1705794d5e92401,12973,"A man wearing a white with different color designs on them, a pair of orange shorts and a pair of black shoes.",12,1,4,11,improved,0,1,0,1,0,1,images/benchmark_ground_truth/bq_b1705794d5e92401.jpg,188,568,5ae44365807e5ef756ee1960b92324e9c410ec5169392c9f7ac8a2453776508a,2026-09-25,"fixed 48-query sample; supplementary demo model, not the pure FP32 training run",one same-person-ID test-gallery image; not the model's retrieved top result
10,bq_82a27de6df0bc7da,12762,The man wears a black coat black pants with black boots he stands inside the grassed field stepping out the fire.,1,1,24,0,same,1,1,1,1,1,1,images/benchmark_ground_truth/bq_82a27de6df0bc7da.jpg,164,400,0aac588fb022e082325d88d0f9e9c5029677080740c7be554efe2e3572872302,2026-09-25,"fixed 48-query sample; supplementary demo model, not the pure FP32 training run",one same-person-ID test-gallery image; not the model's retrieved top result
11,bq_a941ab91a23d52a6,12819,"A woman wearing a light blue shirt, a pair of faded blue jeans and a pair of white shoes.",179,21,293,158,improved,0,0,0,0,0,0,images/benchmark_ground_truth/bq_a941ab91a23d52a6.jpg,110,296,43c7263be49eb9cd93c2b19d62709df8ad50d6f86a8ed487f62f5b5e5cae8d54,2026-09-25,"fixed 48-query sample; supplementary demo model, not the pure FP32 training run",one same-person-ID test-gallery image; not the model's retrieved top result
12,bq_930afa69ef34bd90,12683,"The man with black hair, who is standing with knees bent and one arm extended, is wearing a brown jacket, dark blue shirt and faded blue jeans",4,1,5,3,improved,0,1,1,1,1,1,images/benchmark_ground_truth/bq_930afa69ef34bd90.jpg,134,330,1b115827b98d0a2b14e6ad421069d9fdae03802cdd1621db282375133f5b0725,2026-09-25,"fixed 48-query sample; supplementary demo model, not the pure FP32 training run",one same-person-ID test-gallery image; not the model's retrieved top result
13,bq_d31e9c589852a483,12632,"A man wearing a white shirt, a pair of blue and white plaid shorts and a pair of brown shoes.",54,1,17,53,improved,0,1,0,1,0,1,images/benchmark_ground_truth/bq_d31e9c589852a483.jpg,158,467,a8feea1118494cfa873db36b5920f801b55e7ff5a59f7a2dae2af3d55b9b93ea,2026-09-25,"fixed 48-query sample; supplementary demo model, not the pure FP32 training run",one same-person-ID test-gallery image; not the model's retrieved top result
14,bq_d34bfdf285419f11,12244,The woman is wearing a ponytail tucked in a grey hat. She is wearing a black shirt and blue shorts.,76,1,66,75,improved,0,1,0,1,0,1,images/benchmark_ground_truth/bq_d34bfdf285419f11.jpg,64,128,806c973ed20e1af0581f91d42aef1f8d9aff2b6c746d460dd965a16dfe6747b8,2026-09-25,"fixed 48-query sample; supplementary demo model, not the pure FP32 training run",one same-person-ID test-gallery image; not the model's retrieved top result
15,bq_507b88d4cf039d03,12584,"A person wearing a pink sihrt, blue jeans and a pair of dark colored boots with shoe laces. ",196,14,131,182,improved,0,0,0,0,0,0,images/benchmark_ground_truth/bq_507b88d4cf039d03.png,60,160,e424ae6d6202ab081a2efb1c9928901b1630b76f7d2ab8bfcb96c7cbd87e7680,2026-09-25,"fixed 48-query sample; supplementary demo model, not the pure FP32 training run",one same-person-ID test-gallery image; not the model's retrieved top result
16,bq_3d8858ae618f87e9,12502,white t- shirt with cargo shorts to his knees; white and black tennis shoes and bag on one side.,54,1,82,53,improved,0,1,0,1,0,1,images/benchmark_ground_truth/bq_3d8858ae618f87e9.jpg,122,397,f30ec541d3261d50c210dfbd7eab2a8631aa16442d2121f99a15bad1077c68da,2026-09-25,"fixed 48-query sample; supplementary demo model, not the pure FP32 training run",one same-person-ID test-gallery image; not the model's retrieved top result
17,bq_a8f490303259d478,12406,MALE WEARING DARK FEDORA HAT AND BLACK SUIT WITH WHITE SHIRT AND GRAYISH TIE. BLACK SHOES. CARRYING POSSIBLE OVERCOAT.AND POSSIBLY SMALLER BAGS.,82,2,107,80,improved,0,0,0,1,0,1,images/benchmark_ground_truth/bq_a8f490303259d478.jpg,108,303,1c5cbb6c0ac29dd357a7ebff826ca99e314f4f35aeb46e67219ea4c8a5019a44,2026-09-25,"fixed 48-query sample; supplementary demo model, not the pure FP32 training run",one same-person-ID test-gallery image; not the model's retrieved top result
18,bq_c6241bca70971bfa,12089,A long haired woman is wearing a along white shirt with a black design and black shorts.,26,7,149,19,improved,0,0,0,0,0,1,images/benchmark_ground_truth/bq_c6241bca70971bfa.jpg,93,415,2e2e216ad3febe1fe317d0a93e7b3827d58dbb55b2b36bd51a5e36fc794a0cb1,2026-09-25,"fixed 48-query sample; supplementary demo model, not the pure FP32 training run",one same-person-ID test-gallery image; not the model's retrieved top result
19,bq_92c86105609a8159,12984,A man or boy is facing away from the camera while he walks to the right.  Something has caught his eye.  He is wearing a light colored t shirt and blue shorts with tennis shoes.,225,1,422,224,improved,0,1,0,1,0,1,images/benchmark_ground_truth/bq_92c86105609a8159.jpg,71,185,3d5e4751f35509d720111e9abd7fbdd2a33e866d9deb5d3230cbcc1fca30eedc,2026-09-25,"fixed 48-query sample; supplementary demo model, not the pure FP32 training run",one same-person-ID test-gallery image; not the model's retrieved top result
20,bq_a6cbadef4569cc01,12533,The person is wearing a white shirt and is next to a light green railing. The person looks like a man but the picture is blurry.,1,2,104,-1,worse,1,0,1,1,1,1,images/benchmark_ground_truth/bq_a6cbadef4569cc01.jpg,33,85,8179d1cd6642e031b31859a7c7659590c32209853fe9b5d91e7fdc9a7b8cd045,2026-09-25,"fixed 48-query sample; supplementary demo model, not the pure FP32 training run",one same-person-ID test-gallery image; not the model's retrieved top result
21,bq_9339ee9f0415f468,12274,"The girl is wearing a red skirt, a red and white shirt and white shoes and socks.",11,1,16,10,improved,0,1,0,1,0,1,images/benchmark_ground_truth/bq_9339ee9f0415f468.jpg,56,145,a62ecf69e6979cd03e8545b1f8ad1d20c47b72fd5ed1af8bb900ce7fe7765450,2026-09-25,"fixed 48-query sample; supplementary demo model, not the pure FP32 training run",one same-person-ID test-gallery image; not the model's retrieved top result
22,bq_53e2e0d9798a71e7,12920,The woman is wearing a black dress with a yellow shawl and carrying a purse. ,8,1,7,7,improved,0,1,0,1,1,1,images/benchmark_ground_truth/bq_53e2e0d9798a71e7.jpg,130,388,680bc92e8bff1115ee92ca7a3505487fa52a9ddb3f9e03d7c8ff5e61047ce6a3,2026-09-25,"fixed 48-query sample; supplementary demo model, not the pure FP32 training run",one same-person-ID test-gallery image; not the model's retrieved top result
23,bq_c10dfd60c354870c,12012,The lady wears a blue t shirt black and white shorts with white flat sneakers she carries a white shoulder bag looking at her cell phone.,1,1,3,0,same,1,1,1,1,1,1,images/benchmark_ground_truth/bq_c10dfd60c354870c.jpg,64,128,b24d4ffb691108681b95a17c6fbd9589d5b2c0d82bd755e5c726e6000c61d6f7,2026-09-25,"fixed 48-query sample; supplementary demo model, not the pure FP32 training run",one same-person-ID test-gallery image; not the model's retrieved top result
24,bq_25b1a337b46f3ef8,12306,The man has dark hair.  He is wearing a striped short sleeved shirt.  He is wearing shorts and sandals.,6,1,3,5,improved,0,1,0,1,1,1,images/benchmark_ground_truth/bq_25b1a337b46f3ef8.jpg,64,128,b907b81216ca281e5550f90d239fff9267cf08a76d9c8c36fef9fe4b9f2a523c,2026-09-25,"fixed 48-query sample; supplementary demo model, not the pure FP32 training run",one same-person-ID test-gallery image; not the model's retrieved top result
25,bq_55371e35b4c9f24c,12862,"A man steps forward with his right bent leg, has a bent left elbow with hand at chest height and a black backpack on his back. He wears a black jacket, over a white top with high neckline, black slacks and black shoes.",12,1,24,11,improved,0,1,0,1,0,1,images/benchmark_ground_truth/bq_55371e35b4c9f24c.jpg,104,284,e0709ccfff54a32506e55ef26633a276037a5fb700ad074078de8d12c38db1a5,2026-09-25,"fixed 48-query sample; supplementary demo model, not the pure FP32 training run",one same-person-ID test-gallery image; not the model's retrieved top result
26,bq_8f95a29b1699bcf1,12013,"Light skinned male wearing a dark, short sleeve shirt, dark knee length shorts, and light colored shoes. He's riding a motorcycle.",25,1,1132,24,improved,0,1,0,1,0,1,images/benchmark_ground_truth/bq_8f95a29b1699bcf1.jpg,64,128,a212c1e502367ba15aed5d562f185ae4d3333e903d74a6de63cca1f51082d8cc,2026-09-25,"fixed 48-query sample; supplementary demo model, not the pure FP32 training run",one same-person-ID test-gallery image; not the model's retrieved top result
27,bq_1a7bb0e9b2643a78,12355,"The woman is wearing dark colored shorts, and a green and black shirt.  She is holding an object in her right hand.",61,1,51,60,improved,0,1,0,1,0,1,images/benchmark_ground_truth/bq_1a7bb0e9b2643a78.jpg,149,383,2545830ccffd137a82b482a0987e99d135b9b9bf1f9c409d630a6e3825c50690,2026-09-25,"fixed 48-query sample; supplementary demo model, not the pure FP32 training run",one same-person-ID test-gallery image; not the model's retrieved top result
28,bq_35d05d3a7c3d75cb,12246,"A man wearing a gray shirt, a pair of black pants and a pair of black shoes.",654,24,1335,630,improved,0,0,0,0,0,0,images/benchmark_ground_truth/bq_35d05d3a7c3d75cb.jpg,93,277,d1676e01361db8b5445224a9cd83b9c0781f04039062d572fb3208d630ffcc06,2026-09-25,"fixed 48-query sample; supplementary demo model, not the pure FP32 training run",one same-person-ID test-gallery image; not the model's retrieved top result
29,bq_7502b42cb60e1d53,12631,"The man is wearing a blue t-shirt, long dark shorts, black shoes, and is carrying a black back pack.",227,1,422,226,improved,0,1,0,1,0,1,images/benchmark_ground_truth/bq_7502b42cb60e1d53.jpg,41,110,44df34fb02802fb50f65a92194240fc7dd4eedb856a3815764304744467caf4a,2026-09-25,"fixed 48-query sample; supplementary demo model, not the pure FP32 training run",one same-person-ID test-gallery image; not the model's retrieved top result
30,bq_99965ad698f33610,12614,"A woman walks in a shopping mall, she is wearing a pink shirt, and carrying a bag and is wearing a pair of sandals.",13,7,16,6,improved,0,0,0,0,0,1,images/benchmark_ground_truth/bq_99965ad698f33610.jpg,189,528,85424dfb7046171da8abef8c57f659470d641d8b49be4590f09d572635632b43,2026-09-25,"fixed 48-query sample; supplementary demo model, not the pure FP32 training run",one same-person-ID test-gallery image; not the model's retrieved top result
31,bq_bb71af4f38d81da3,12696,The woman is wearing black boots with a pair of boot-cut brown pants. She has on a black tee-shirt and is wearing a black and green backpack on her back. She has a blue tube in her arms.,2,1,7,1,improved,0,1,1,1,1,1,images/benchmark_ground_truth/bq_bb71af4f38d81da3.bmp,48,128,e2be299db678db3530e2797bdc5db854115ed798231ea03e3ae0dfb28e6777dd,2026-09-25,"fixed 48-query sample; supplementary demo model, not the pure FP32 training run",one same-person-ID test-gallery image; not the model's retrieved top result
32,bq_734253ab797c276f,12714,"The man is wearing a white zipped up hoodie the inside of the hood and the zipper are black. He is also wearing black slacks and white tennis shoes. He is wearing a backpack, the shoulder straps are black. ",4,1,1,3,improved,0,1,1,1,1,1,images/benchmark_ground_truth/bq_734253ab797c276f.png,60,160,1ec5af57cc31f76879f2bdb46f61315c5448a470986b0bb3c9de7567cd8adb85,2026-09-25,"fixed 48-query sample; supplementary demo model, not the pure FP32 training run",one same-person-ID test-gallery image; not the model's retrieved top result
33,bq_89b04f0c0165d447,12232,"S womsn wearing a black jacket and red sweater over a white under shirt, blue jeans, blue tennis shoes, black hat, black gloves carrying a clip board and a cup.",136,1,5,135,improved,0,1,0,1,0,1,images/benchmark_ground_truth/bq_89b04f0c0165d447.bmp,48,128,d803501083864bff3a278066955feaf40fb87be802ec6e8f5129b30e6470a662,2026-09-25,"fixed 48-query sample; supplementary demo model, not the pure FP32 training run",one same-person-ID test-gallery image; not the model's retrieved top result
34,bq_4a9a5c4b9a88ab21,12473,"A man wearing a black shirt, a pair of red pants and a pair of black shoes.",36,1,49,35,improved,0,1,0,1,0,1,images/benchmark_ground_truth/bq_4a9a5c4b9a88ab21.jpg,74,231,0c51c5e2c563f88d0ec9cb2f2d369afd424008fe2c44cf971817a956c4847a33,2026-09-25,"fixed 48-query sample; supplementary demo model, not the pure FP32 training run",one same-person-ID test-gallery image; not the model's retrieved top result
35,bq_35446f9006eda2de,12601,Man walks with left leg in front wearing a light green tee shirt and jeans and canvas shoes.,7,1,58,6,improved,0,1,0,1,1,1,images/benchmark_ground_truth/bq_35446f9006eda2de.jpg,125,336,1661bc3c354fccf1e4a8fff4eccc9208e7dda89e81b2389a124c8288aa75ca56,2026-09-25,"fixed 48-query sample; supplementary demo model, not the pure FP32 training run",one same-person-ID test-gallery image; not the model's retrieved top result
36,bq_ffb62614169cffd2,12827,The man has on a yellow and grey striped shirt with light colored long pants and white shoes and is wearing glasses.,1,1,3,0,same,1,1,1,1,1,1,images/benchmark_ground_truth/bq_ffb62614169cffd2.jpg,64,128,0265aefee9be3cedca7307b2a5fae8fe3eea5fd7d804803fdb6c6dbe283a5575,2026-09-25,"fixed 48-query sample; supplementary demo model, not the pure FP32 training run",one same-person-ID test-gallery image; not the model's retrieved top result
37,bq_ba184e797590db90,12008,"A man with black hair, wearing a black jacket, dark jeans and white shoes is walking while looking down. ",347,5,826,342,improved,0,0,0,1,0,1,images/benchmark_ground_truth/bq_ba184e797590db90.jpg,115,327,0674a24b6d0fec2305d477f834cfef62b1e1dd09cf070807b4f8532151c27824,2026-09-25,"fixed 48-query sample; supplementary demo model, not the pure FP32 training run",one same-person-ID test-gallery image; not the model's retrieved top result
38,bq_cab182829494b5c7,12117,"The woman is wearing a gray, long sleeved jacket, over a white shirt, jeans, and white sneakers.",37,2,232,35,improved,0,0,0,1,0,1,images/benchmark_ground_truth/bq_cab182829494b5c7.bmp,48,128,a90fb27b99292d21ef70619600ac594c39856f324fa16c279538848f4fdf2297,2026-09-25,"fixed 48-query sample; supplementary demo model, not the pure FP32 training run",one same-person-ID test-gallery image; not the model's retrieved top result
39,bq_30ee7c41420e4d09,12897,"A man wearing a black and gray shirt, a pair of blue jean shorts and a pair of sandals.",50,2,36,48,improved,0,0,0,1,0,1,images/benchmark_ground_truth/bq_30ee7c41420e4d09.jpg,154,408,6c2d5e06035b7c9866714b11327a909e5955e3c875a8796f9e56b8aed1f70b37,2026-09-25,"fixed 48-query sample; supplementary demo model, not the pure FP32 training run",one same-person-ID test-gallery image; not the model's retrieved top result
40,bq_8002927f88c94ed9,12198,"An adult with long black hair, wearing a green jacket, jean and tennis shoes and a back pack is walking down the street.",2,1,9,1,improved,0,1,1,1,1,1,images/benchmark_ground_truth/bq_8002927f88c94ed9.bmp,48,128,a19009987671b3661792e59c2c2ee7a64007c847fb2716ddea5cef2a45bb1e4c,2026-09-25,"fixed 48-query sample; supplementary demo model, not the pure FP32 training run",one same-person-ID test-gallery image; not the model's retrieved top result
41,bq_831e2d23c9d316bd,12518,"A man wearing a white shirt with a picture on front, a pair of black shorts and a pair of brown shoes.",81,29,8,52,improved,0,0,0,0,0,0,images/benchmark_ground_truth/bq_831e2d23c9d316bd.jpg,133,370,36671bf2aef935356df02278fa4140d3b86ee4e36c243991f8c00ab8d395d285,2026-09-25,"fixed 48-query sample; supplementary demo model, not the pure FP32 training run",one same-person-ID test-gallery image; not the model's retrieved top result
42,bq_4aba2a3b15032db7,12264,The man has a striped pattern button up shirt with khaki pants and pointed boots. ,344,1,881,343,improved,0,1,0,1,0,1,images/benchmark_ground_truth/bq_4aba2a3b15032db7.jpg,98,280,7acad6190a1d0f00988d76430c5dcbb775a8a29805b667dc1d8295ec97158873,2026-09-25,"fixed 48-query sample; supplementary demo model, not the pure FP32 training run",one same-person-ID test-gallery image; not the model's retrieved top result
43,bq_29d5996a92f93631,12779,"A man wearing a tan, button up shirt and jeans has his hands up to his mouth trying to whistle.",41,1,2,40,improved,0,1,0,1,0,1,images/benchmark_ground_truth/bq_29d5996a92f93631.jpg,142,368,ebb79de4bb2f5453b59adbf51844c6bbd898d586c1ebe777ce2628ea5caa080a,2026-09-25,"fixed 48-query sample; supplementary demo model, not the pure FP32 training run",one same-person-ID test-gallery image; not the model's retrieved top result
44,bq_1e70f1673fa9794d,12592,A woman holds the straps of an orange handbag in one hand and carries a hanging object in the other hand while wearing a pink outfit consisting of a pink t-shirt and matching pants with a black geometric shapes over white sandals.,1,1,1,0,same,1,1,1,1,1,1,images/benchmark_ground_truth/bq_1e70f1673fa9794d.jpg,137,369,6b415b77bc3c008d9c93b0a816ab1dc99050c2107f34b71a4b790f71c4cdb666,2026-09-25,"fixed 48-query sample; supplementary demo model, not the pure FP32 training run",one same-person-ID test-gallery image; not the model's retrieved top result
45,bq_24bbe49ecb254e54,12431,"A man wearing a pink shirt, a brown neck tie, a brown jacket and a pair of brown pants.",77,3,211,74,improved,0,0,0,1,0,1,images/benchmark_ground_truth/bq_24bbe49ecb254e54.jpg,121,370,6f524fcee8f5426da956da59bfa1ceb52b0cb30319c7db02396cb2e20d12cebf,2026-09-25,"fixed 48-query sample; supplementary demo model, not the pure FP32 training run",one same-person-ID test-gallery image; not the model's retrieved top result
46,bq_b62ff5e52cb98c21,12336,"A man leans forward with arm at his side while wearing a black shirt with gathered stitching tucked into a gold band at his back with a flounce of gold at the shirt hem, over black pants and shoes.",102,1,892,101,improved,0,1,0,1,0,1,images/benchmark_ground_truth/bq_b62ff5e52cb98c21.jpg,112,370,6032a0328a10b4ccb48f703831da3ddec75ea1c4c84b042c730289ea3d57eca1,2026-09-25,"fixed 48-query sample; supplementary demo model, not the pure FP32 training run",one same-person-ID test-gallery image; not the model's retrieved top result
47,bq_66b3a8789e6a262f,12211,"A man in a white shirt with a picture on it, a pair of black pants and a pair of black shoes.",54,1,230,53,improved,0,1,0,1,0,1,images/benchmark_ground_truth/bq_66b3a8789e6a262f.jpg,64,128,e21acb5b36ded0da2fa82b54d2addd808a404f15f7ce012785ce6504a22a5b42,2026-09-25,"fixed 48-query sample; supplementary demo model, not the pure FP32 training run",one same-person-ID test-gallery image; not the model's retrieved top result
48,bq_6b3b347c75d851bc,12935,"A woman is holding a lifted yellow object with both hands while she wears a white shirt with vertical folds, a curved front hem, folded cuffs to her elbows and flat, brown shoes.",380,1,15,379,improved,0,1,0,1,0,1,images/benchmark_ground_truth/bq_6b3b347c75d851bc.jpg,116,357,656daf11e12d4f366d0c3ec01f9832696faa3980f951e6fc8130bd1a8b8d9425,2026-09-25,"fixed 48-query sample; supplementary demo model, not the pure FP32 training run",one same-person-ID test-gallery image; not the model's retrieved top result
