sample_index,query_id,model,ground_truth_rank,person_id
1,bq_13c39cf25e7c819a,paired_baseline,6,12341
1,bq_13c39cf25e7c819a,fine_tuned_demo,1,12341
1,bq_13c39cf25e7c819a,hf_reference,57,12341
2,bq_5cfd2ba01c449f01,paired_baseline,3,12971
2,bq_5cfd2ba01c449f01,fine_tuned_demo,1,12971
2,bq_5cfd2ba01c449f01,hf_reference,4,12971
3,bq_842cd1e0d06eddd9,paired_baseline,564,12137
3,bq_842cd1e0d06eddd9,fine_tuned_demo,12,12137
3,bq_842cd1e0d06eddd9,hf_reference,1161,12137
4,bq_ecec7d0b8d05a8c4,paired_baseline,34,12790
4,bq_ecec7d0b8d05a8c4,fine_tuned_demo,1,12790
4,bq_ecec7d0b8d05a8c4,hf_reference,112,12790
5,bq_a820f09f3187ba29,paired_baseline,50,12526
5,bq_a820f09f3187ba29,fine_tuned_demo,7,12526
5,bq_a820f09f3187ba29,hf_reference,47,12526
6,bq_9b1f3f5f52fa29b9,paired_baseline,80,12124
6,bq_9b1f3f5f52fa29b9,fine_tuned_demo,1,12124
6,bq_9b1f3f5f52fa29b9,hf_reference,608,12124
7,bq_365af23db59968c9,paired_baseline,488,12446
7,bq_365af23db59968c9,fine_tuned_demo,1,12446
7,bq_365af23db59968c9,hf_reference,954,12446
8,bq_32f6ab5a8e28a797,paired_baseline,30,12583
8,bq_32f6ab5a8e28a797,fine_tuned_demo,24,12583
8,bq_32f6ab5a8e28a797,hf_reference,71,12583
9,bq_b1705794d5e92401,paired_baseline,12,12973
9,bq_b1705794d5e92401,fine_tuned_demo,1,12973
9,bq_b1705794d5e92401,hf_reference,4,12973
10,bq_82a27de6df0bc7da,paired_baseline,1,12762
10,bq_82a27de6df0bc7da,fine_tuned_demo,1,12762
10,bq_82a27de6df0bc7da,hf_reference,24,12762
11,bq_a941ab91a23d52a6,paired_baseline,179,12819
11,bq_a941ab91a23d52a6,fine_tuned_demo,21,12819
11,bq_a941ab91a23d52a6,hf_reference,293,12819
12,bq_930afa69ef34bd90,paired_baseline,4,12683
12,bq_930afa69ef34bd90,fine_tuned_demo,1,12683
12,bq_930afa69ef34bd90,hf_reference,5,12683
13,bq_d31e9c589852a483,paired_baseline,54,12632
13,bq_d31e9c589852a483,fine_tuned_demo,1,12632
13,bq_d31e9c589852a483,hf_reference,17,12632
14,bq_d34bfdf285419f11,paired_baseline,76,12244
14,bq_d34bfdf285419f11,fine_tuned_demo,1,12244
14,bq_d34bfdf285419f11,hf_reference,66,12244
15,bq_507b88d4cf039d03,paired_baseline,196,12584
15,bq_507b88d4cf039d03,fine_tuned_demo,14,12584
15,bq_507b88d4cf039d03,hf_reference,131,12584
16,bq_3d8858ae618f87e9,paired_baseline,54,12502
16,bq_3d8858ae618f87e9,fine_tuned_demo,1,12502
16,bq_3d8858ae618f87e9,hf_reference,82,12502
17,bq_a8f490303259d478,paired_baseline,82,12406
17,bq_a8f490303259d478,fine_tuned_demo,2,12406
17,bq_a8f490303259d478,hf_reference,107,12406
18,bq_c6241bca70971bfa,paired_baseline,26,12089
18,bq_c6241bca70971bfa,fine_tuned_demo,7,12089
18,bq_c6241bca70971bfa,hf_reference,149,12089
19,bq_92c86105609a8159,paired_baseline,225,12984
19,bq_92c86105609a8159,fine_tuned_demo,1,12984
19,bq_92c86105609a8159,hf_reference,422,12984
20,bq_a6cbadef4569cc01,paired_baseline,1,12533
20,bq_a6cbadef4569cc01,fine_tuned_demo,2,12533
20,bq_a6cbadef4569cc01,hf_reference,104,12533
21,bq_9339ee9f0415f468,paired_baseline,11,12274
21,bq_9339ee9f0415f468,fine_tuned_demo,1,12274
21,bq_9339ee9f0415f468,hf_reference,16,12274
22,bq_53e2e0d9798a71e7,paired_baseline,8,12920
22,bq_53e2e0d9798a71e7,fine_tuned_demo,1,12920
22,bq_53e2e0d9798a71e7,hf_reference,7,12920
23,bq_c10dfd60c354870c,paired_baseline,1,12012
23,bq_c10dfd60c354870c,fine_tuned_demo,1,12012
23,bq_c10dfd60c354870c,hf_reference,3,12012
24,bq_25b1a337b46f3ef8,paired_baseline,6,12306
24,bq_25b1a337b46f3ef8,fine_tuned_demo,1,12306
24,bq_25b1a337b46f3ef8,hf_reference,3,12306
25,bq_55371e35b4c9f24c,paired_baseline,12,12862
25,bq_55371e35b4c9f24c,fine_tuned_demo,1,12862
25,bq_55371e35b4c9f24c,hf_reference,24,12862
26,bq_8f95a29b1699bcf1,paired_baseline,25,12013
26,bq_8f95a29b1699bcf1,fine_tuned_demo,1,12013
26,bq_8f95a29b1699bcf1,hf_reference,1132,12013
27,bq_1a7bb0e9b2643a78,paired_baseline,61,12355
27,bq_1a7bb0e9b2643a78,fine_tuned_demo,1,12355
27,bq_1a7bb0e9b2643a78,hf_reference,51,12355
28,bq_35d05d3a7c3d75cb,paired_baseline,654,12246
28,bq_35d05d3a7c3d75cb,fine_tuned_demo,24,12246
28,bq_35d05d3a7c3d75cb,hf_reference,1335,12246
29,bq_7502b42cb60e1d53,paired_baseline,227,12631
29,bq_7502b42cb60e1d53,fine_tuned_demo,1,12631
29,bq_7502b42cb60e1d53,hf_reference,422,12631
30,bq_99965ad698f33610,paired_baseline,13,12614
30,bq_99965ad698f33610,fine_tuned_demo,7,12614
30,bq_99965ad698f33610,hf_reference,16,12614
31,bq_bb71af4f38d81da3,paired_baseline,2,12696
31,bq_bb71af4f38d81da3,fine_tuned_demo,1,12696
31,bq_bb71af4f38d81da3,hf_reference,7,12696
32,bq_734253ab797c276f,paired_baseline,4,12714
32,bq_734253ab797c276f,fine_tuned_demo,1,12714
32,bq_734253ab797c276f,hf_reference,1,12714
33,bq_89b04f0c0165d447,paired_baseline,136,12232
33,bq_89b04f0c0165d447,fine_tuned_demo,1,12232
33,bq_89b04f0c0165d447,hf_reference,5,12232
34,bq_4a9a5c4b9a88ab21,paired_baseline,36,12473
34,bq_4a9a5c4b9a88ab21,fine_tuned_demo,1,12473
34,bq_4a9a5c4b9a88ab21,hf_reference,49,12473
35,bq_35446f9006eda2de,paired_baseline,7,12601
35,bq_35446f9006eda2de,fine_tuned_demo,1,12601
35,bq_35446f9006eda2de,hf_reference,58,12601
36,bq_ffb62614169cffd2,paired_baseline,1,12827
36,bq_ffb62614169cffd2,fine_tuned_demo,1,12827
36,bq_ffb62614169cffd2,hf_reference,3,12827
37,bq_ba184e797590db90,paired_baseline,347,12008
37,bq_ba184e797590db90,fine_tuned_demo,5,12008
37,bq_ba184e797590db90,hf_reference,826,12008
38,bq_cab182829494b5c7,paired_baseline,37,12117
38,bq_cab182829494b5c7,fine_tuned_demo,2,12117
38,bq_cab182829494b5c7,hf_reference,232,12117
39,bq_30ee7c41420e4d09,paired_baseline,50,12897
39,bq_30ee7c41420e4d09,fine_tuned_demo,2,12897
39,bq_30ee7c41420e4d09,hf_reference,36,12897
40,bq_8002927f88c94ed9,paired_baseline,2,12198
40,bq_8002927f88c94ed9,fine_tuned_demo,1,12198
40,bq_8002927f88c94ed9,hf_reference,9,12198
41,bq_831e2d23c9d316bd,paired_baseline,81,12518
41,bq_831e2d23c9d316bd,fine_tuned_demo,29,12518
41,bq_831e2d23c9d316bd,hf_reference,8,12518
42,bq_4aba2a3b15032db7,paired_baseline,344,12264
42,bq_4aba2a3b15032db7,fine_tuned_demo,1,12264
42,bq_4aba2a3b15032db7,hf_reference,881,12264
43,bq_29d5996a92f93631,paired_baseline,41,12779
43,bq_29d5996a92f93631,fine_tuned_demo,1,12779
43,bq_29d5996a92f93631,hf_reference,2,12779
44,bq_1e70f1673fa9794d,paired_baseline,1,12592
44,bq_1e70f1673fa9794d,fine_tuned_demo,1,12592
44,bq_1e70f1673fa9794d,hf_reference,1,12592
45,bq_24bbe49ecb254e54,paired_baseline,77,12431
45,bq_24bbe49ecb254e54,fine_tuned_demo,3,12431
45,bq_24bbe49ecb254e54,hf_reference,211,12431
46,bq_b62ff5e52cb98c21,paired_baseline,102,12336
46,bq_b62ff5e52cb98c21,fine_tuned_demo,1,12336
46,bq_b62ff5e52cb98c21,hf_reference,892,12336
47,bq_66b3a8789e6a262f,paired_baseline,54,12211
47,bq_66b3a8789e6a262f,fine_tuned_demo,1,12211
47,bq_66b3a8789e6a262f,hf_reference,230,12211
48,bq_6b3b347c75d851bc,paired_baseline,380,12935
48,bq_6b3b347c75d851bc,fine_tuned_demo,1,12935
48,bq_6b3b347c75d851bc,hf_reference,15,12935
