run_id,epoch,step,train_loss,val_avg_1,val_i2t_5,val_t2i_mAP,val_t2i_5,val_t2i_1,val_t2i_mINP,val_t2i_10,val_peak_vram_reserved_mb,val_peak_vram_allocated_mb,val_i2t_10,val_i2t_1,val_i2t_mAP
5aec09de,1,1064,0.9953280597421011,0.6093985736370087,0.904483437538147,0.49524521827697754,0.7664826512336731,0.5423839092254639,0.34046071767807007,0.845891535282135,14146,2396.80322265625,0.9483430981636047,0.6764132380485535,0.45560789108276367
5aec09de,2,2128,0.5245529216455114,0.638716071844101,0.9155295491218567,0.5205471515655518,0.7926274538040161,0.563981831073761,0.3645334243774414,0.8629425168037415,14146,2396.80322265625,0.9587394595146179,0.7134503126144409,0.4834699332714081
5aec09de,3,3192,0.40363932720252443,0.6776136457920074,0.93502277135849,0.5549328923225403,0.819097101688385,0.6102630496025085,0.3972577452659607,0.8855147957801819,14146,2396.80322265625,0.9691358208656311,0.7449642419815063,0.5159813761711121
5aec09de,4,4256,0.3106649239666592,0.7024637460708618,0.9567901492118835,0.5798984169960022,0.8356609344482422,0.633322536945343,0.42419928312301636,0.8999675512313843,14146,2396.80322265625,0.9824561476707458,0.7716049551963806,0.5403973460197449
5aec09de,5,5320,0.25362776048635516,0.7001893520355225,0.943469762802124,0.5762062072753906,0.83501136302948,0.6342968344688416,0.4173264801502228,0.8960701823234558,14146,2396.80322265625,0.9723846912384033,0.7660818696022034,0.5329915285110474
5aec09de,6,6384,0.21827118378832824,0.7176499664783478,0.9473684430122375,0.5924914479255676,0.8408574461936951,0.6468009352684021,0.4380454421043396,0.9011042714118958,14146,2396.80322265625,0.9753086566925049,0.7884989976882935,0.5495408177375793
5aec09de,7,7448,0.19367157837684104,0.7083104252815247,0.9480181932449341,0.5816069841384888,0.8382591605186462,0.6411172747612,0.4248115122318268,0.8991555571556091,14146,2396.80322265625,0.9762833118438721,0.7755035758018494,0.5432645678520203
5aec09de,8,8512,0.17054116430069158,0.7118028104305267,0.9506173133850098,0.5851952433586121,0.8367976546287537,0.6419292092323303,0.42435672879219055,0.8954206109046936,14146,2396.80322265625,0.9775828719139099,0.7816764116287231,0.5424870252609253
5aec09de,9,9576,0.15683310368112324,0.7119652032852173,0.9473684430122375,0.5862202644348145,0.8436180353164673,0.6422539949417114,0.42671841382980347,0.901591420173645,14146,2396.80322265625,0.9743340015411377,0.7816764116287231,0.545911431312561
5aec09de,10,10640,0.14622737578452474,0.7230912446975708,0.9584145545959473,0.5942175388336182,0.8467034697532654,0.6502110958099365,0.4395807981491089,0.9056512117385864,14146,2396.80322265625,0.9837557077407837,0.7959713935852051,0.5594409704208374
5aec09de,11,11704,0.13433448606891965,0.7195991575717926,0.9538661241531372,0.5935863852500916,0.8457291126251221,0.6474504470825195,0.43613380193710327,0.9054887890815735,14146,2396.80322265625,0.9775828719139099,0.7917478680610657,0.5593482851982117
5aec09de,12,12768,0.12425160424388189,0.7208170890808105,0.9499675035476685,0.5917850136756897,0.8445923924446106,0.6498863101005554,0.43287545442581177,0.9012666344642639,14146,2396.80322265625,0.9808316826820374,0.7917478680610657,0.5569800138473511
5aec09de,13,13832,0.11322182590225921,0.7211423218250275,0.9509421586990356,0.594734251499176,0.8449171781539917,0.6479376554489136,0.4401334822177887,0.9032153487205505,14146,2396.80322265625,0.9805068373680115,0.7943469882011414,0.558324933052063
5aec09de,14,14896,0.11043036526683508,0.7218726873397827,0.9502924084663391,0.593951940536499,0.8452419638633728,0.6516726016998291,0.4378266930580139,0.9072750806808472,14146,2396.80322265625,0.9782326221466064,0.7920727729797363,0.5555875301361084
5aec09de,15,15960,0.10368730435830618,0.7177294492721558,0.960038959980011,0.6052059531211853,0.8493016958236694,0.6573562622070312,0.45123276114463806,0.9088990092277527,14146,2396.80322265625,0.9824561476707458,0.7781026363372803,0.558376669883728
5aec09de,16,17024,0.09502379098798576,0.7089583873748779,0.9480181932449341,0.5966306328773499,0.8455667495727539,0.6521598100662231,0.44114166498184204,0.9037024974822998,14146,2396.80322265625,0.9792072772979736,0.7657569646835327,0.544884204864502
5aec09de,17,18088,0.0923773198398583,0.7200857996940613,0.9499675035476685,0.5939281582832336,0.8442676067352295,0.6516726016998291,0.4354551434516907,0.9022409915924072,14146,2396.80322265625,0.9769330620765686,0.7884989976882935,0.5588518977165222
5aec09de,18,19152,0.08701434984796197,0.7235763669013977,0.9522417187690735,0.6072909832000732,0.8493016958236694,0.6638519167900085,0.4513067901134491,0.9051640033721924,14146,2396.80322265625,0.9779077172279358,0.7833008170127869,0.5597424507141113
5aec09de,19,20216,0.08429796797927133,0.7180554568767548,0.9460688829421997,0.5947332978248596,0.8423189520835876,0.6505358815193176,0.4393494129180908,0.8986684083938599,14146,2396.80322265625,0.9766082167625427,0.7855750322341919,0.5580164194107056
5aec09de,20,21280,0.07792295873142373,0.7159432768821716,0.9483430981636047,0.5976038575172424,0.8457291126251221,0.6531341075897217,0.44239482283592224,0.9053264260292053,14146,2396.80322265625,0.9772579669952393,0.7787524461746216,0.558822512626648
5aec09de,21,22344,0.07466997569199316,0.7208979725837708,0.9519168138504028,0.5994232892990112,0.8462163209915161,0.6519973874092102,0.44788122177124023,0.9059759378433228,14146,2396.80322265625,0.9821312427520752,0.7897985577583313,0.5617044568061829
5aec09de,22,23408,0.07105088421536165,0.7311302721500397,0.9574398994445801,0.6036108732223511,0.8476778268814087,0.6620656251907349,0.4510517120361328,0.9080870151519775,14146,2396.80322265625,0.9795321822166443,0.8001949191093445,0.5602993369102478
5aec09de,23,24472,0.06788892107234508,0.7286125719547272,0.961013674736023,0.6083161234855652,0.8488145470619202,0.6609288454055786,0.4580150246620178,0.9045144319534302,14146,2396.80322265625,0.9827810525894165,0.7962962985038757,0.5712363719940186
5aec09de,24,25536,0.0665135865528189,0.7291809022426605,0.9519168138504028,0.6108880639076233,0.8523871302604675,0.662390410900116,0.45976004004478455,0.9061383605003357,14146,2396.80322265625,0.9795321822166443,0.7959713935852051,0.5697911977767944
5aec09de,25,26600,0.06055247891082471,0.7297500669956207,0.9545159339904785,0.6072120070457458,0.8517375588417053,0.6586554050445557,0.4539014995098114,0.9061383605003357,14146,2396.80322265625,0.9782326221466064,0.8008447289466858,0.5706726312637329
5aec09de,26,27664,0.05619094920902876,0.7229277789592743,0.9538661241531372,0.6089381575584412,0.8533614873886108,0.6567067503929138,0.4573588967323303,0.9084118008613586,14146,2396.80322265625,0.9782326221466064,0.7891488075256348,0.5672386884689331
5aec09de,27,28728,0.05668626788958095,0.7293431162834167,0.9525666236877441,0.6143163442611694,0.8517375588417053,0.6636894941329956,0.4668997824192047,0.9088990092277527,14146,2396.80322265625,0.9801819324493408,0.7949967384338379,0.5754454135894775
5aec09de,28,29792,0.05351016634556157,0.7325111627578735,0.9587394595146179,0.6068358421325684,0.8476778268814087,0.6612536311149597,0.4548168182373047,0.9061383605003357,14146,2396.80322265625,0.9824561476707458,0.8037686944007874,0.5766885280609131
5aec09de,29,30856,0.05265899644105492,0.7301551997661591,0.9541910290718079,0.6078722476959229,0.8467034697532654,0.6646638512611389,0.45369791984558105,0.904352068901062,14146,2396.80322265625,0.9779077172279358,0.7956465482711792,0.5620854496955872
5aec09de,30,31920,0.050874968989151774,0.7295058369636536,0.9519168138504028,0.6113589406013489,0.8465411067008972,0.6620656251907349,0.46122321486473083,0.9050016403198242,14146,2396.80322265625,0.9805068373680115,0.7969460487365723,0.568952739238739
5aec09de,31,32984,0.049455462034721245,0.7387636005878448,0.9577648043632507,0.6216259598731995,0.8457291126251221,0.6711594462394714,0.47630932927131653,0.906625509262085,14146,2396.80322265625,0.9857050180435181,0.8063677549362183,0.583865761756897
5aec09de,32,34048,0.04557374690970514,0.7339718341827393,0.9619883298873901,0.6220217347145081,0.8541734218597412,0.6693731546401978,0.4775737524032593,0.907112717628479,14146,2396.80322265625,0.9847303628921509,0.7985705137252808,0.5827653408050537
5aec09de,33,35112,0.04477236535119727,0.7321040630340576,0.9587394595146179,0.6152467727661133,0.8507632613182068,0.667262077331543,0.4654052257537842,0.9061383605003357,14146,2396.80322265625,0.981156587600708,0.7969460487365723,0.5787287950515747
5aec09de,34,36176,0.0425695881638781,0.7363270819187164,0.9616634249687195,0.6188228130340576,0.8528743386268616,0.670509934425354,0.46832817792892456,0.9100357294082642,14146,2396.80322265625,0.9847303628921509,0.8021442294120789,0.5806438326835632
5aec09de,35,37240,0.04321603122123196,0.7449354231357574,0.9649122953414917,0.6235830783843994,0.8510879874229431,0.6776551008224487,0.4754624366760254,0.9061383605003357,14146,2396.80322265625,0.9818063974380493,0.8122157454490662,0.5867108702659607
5aec09de,36,38304,0.04028846733583356,0.7433115541934967,0.9574398994445801,0.6225187182426453,0.8548229932785034,0.6740825176239014,0.47195523977279663,0.9092237949371338,14146,2396.80322265625,0.9840805530548096,0.812540590763092,0.5875962376594543
5aec09de,37,39368,0.03596742001541555,0.7425804734230042,0.955165684223175,0.6210125684738159,0.8548229932785034,0.6745696663856506,0.4732275605201721,0.9098733067512512,14146,2396.80322265625,0.9840805530548096,0.8105912804603577,0.584716796875
5aec09de,38,40432,0.03644622775990362,0.7371393144130707,0.961013674736023,0.6229650974273682,0.8520623445510864,0.670509934425354,0.477766752243042,0.9035401344299316,14146,2396.80322265625,0.981156587600708,0.8037686944007874,0.5827307105064392
5aec09de,39,41496,0.03704723258426001,0.7483464777469635,0.9668616056442261,0.6291269063949585,0.8622929453849792,0.6789541840553284,0.4811871349811554,0.9114972352981567,14146,2396.80322265625,0.988304078578949,0.8177387714385986,0.5959846377372742
5aec09de,40,42560,0.035189867530796184,0.7520006000995636,0.962313175201416,0.6340187191963196,0.8593699336051941,0.6843131184577942,0.4924849271774292,0.9126339554786682,14146,2396.80322265625,0.9847303628921509,0.819688081741333,0.600369930267334
5aec09de,41,43624,0.03637604575802347,0.7471287250518799,0.9629629850387573,0.6302853226661682,0.8588827252388,0.675544023513794,0.48689261078834534,0.9103605151176453,14146,2396.80322265625,0.9837557077407837,0.8187134265899658,0.5968291759490967
5aec09de,42,44688,0.03024879486205245,0.7485090494155884,0.9642624855041504,0.6357348561286926,0.859045147895813,0.6783046722412109,0.4941554069519043,0.9139330983161926,14146,2396.80322265625,0.983430802822113,0.8187134265899658,0.6037850975990295
5aec09de,43,45752,0.030073560821018277,0.7474527657032013,0.9626380801200867,0.635908842086792,0.8593699336051941,0.680740475654602,0.4949946701526642,0.9149074554443359,14146,2396.80322265625,0.983430802822113,0.8141650557518005,0.5996907949447632
5aec09de,44,46816,0.03200055028532847,0.7524065673351288,0.9665367007255554,0.6365441679954529,0.8596947193145752,0.6851250529289246,0.4942774772644043,0.9136083126068115,14146,2396.80322265625,0.9853801131248474,0.819688081741333,0.601244330406189
5aec09de,45,47880,0.029322347972353776,0.7520809173583984,0.9652371406555176,0.6416382193565369,0.8626177310943604,0.6899967789649963,0.4995887875556946,0.9145826697349548,14146,2396.80322265625,0.983430802822113,0.8141650557518005,0.5997411608695984
5aec09de,46,48944,0.029390514357411444,0.7543565332889557,0.9658869504928589,0.6389896869659424,0.8621305823326111,0.6812276840209961,0.49850133061408997,0.9139330983161926,14146,2396.80322265625,0.9857050180435181,0.8274853825569153,0.6081098914146423
5aec09de,47,50008,0.027730795356442593,0.7576042413711548,0.964587390422821,0.6420352458953857,0.8621305823326111,0.6883728504180908,0.5024406313896179,0.9131211638450623,14146,2396.80322265625,0.9837557077407837,0.8268356323242188,0.6106973886489868
5aec09de,48,51072,0.02884355473352321,0.7601217925548553,0.9658869504928589,0.6422857642173767,0.8596947193145752,0.6901591420173645,0.5006846189498901,0.9160441756248474,14146,2396.80322265625,0.9827810525894165,0.8300844430923462,0.6078675389289856
5aec09de,49,52136,0.026850053246931578,0.7650754451751709,0.9668616056442261,0.6439622044563293,0.8627800941467285,0.6955180168151855,0.5021657347679138,0.9171808958053589,14146,2396.80322265625,0.9844054579734802,0.8346328735351562,0.6106429100036621
5aec09de,50,53200,0.028193632891437535,0.7642631828784943,0.9658869504928589,0.645036518573761,0.867164671421051,0.6958428025245667,0.5035403370857239,0.9170185327529907,14146,2396.80322265625,0.9847303628921509,0.8326835632324219,0.6109738349914551
5aec09de,51,54264,0.026812216537889202,0.766943484544754,0.9704353213310242,0.645138680934906,0.8647288084030151,0.6960052251815796,0.5036681890487671,0.9150698184967041,14146,2396.80322265625,0.9850552082061768,0.8378817439079285,0.61314857006073
5aec09de,52,55328,0.02703066821580839,0.7679179608821869,0.9681611657142639,0.6468676328659058,0.8660279512405396,0.6969795227050781,0.505739688873291,0.9178304672241211,14146,2396.80322265625,0.9837557077407837,0.8388563990592957,0.6160131692886353
5aec09de,53,56392,0.024504282670015965,0.7678366899490356,0.9691358208656311,0.6470789313316345,0.8663527369499207,0.6974667310714722,0.506345808506012,0.9181552529335022,14146,2396.80322265625,0.9850552082061768,0.8382066488265991,0.6149622201919556
5aec09de,54,57456,0.028951765122496226,0.7684048414230347,0.9691358208656311,0.647581160068512,0.8648911714553833,0.6999025940895081,0.506696879863739,0.9186424016952515,14146,2396.80322265625,0.9837557077407837,0.8369070887565613,0.6152628064155579
5aec09de,55,58520,0.02685664626844977,0.768323540687561,0.9688109159469604,0.6478368639945984,0.8650535941123962,0.7003897428512573,0.5069735646247864,0.9184800386428833,14146,2396.80322265625,0.9844054579734802,0.8362573385238647,0.6160176992416382
5aec09de,56,59584,0.027616721129528145,0.7697853147983551,0.9691358208656311,0.6484923362731934,0.8655407428741455,0.7016888856887817,0.5077039003372192,0.9184800386428833,14146,2396.80322265625,0.983430802822113,0.8378817439079285,0.6161308884620667
5aec09de,57,60648,0.026004799883379837,0.7699475884437561,0.9688109159469604,0.6487312912940979,0.8640792369842529,0.7026631832122803,0.5079966187477112,0.9178304672241211,14146,2396.80322265625,0.9837557077407837,0.8372319936752319,0.6159045100212097
5aec09de,58,61712,0.024820476214636483,0.7693791091442108,0.9691358208656311,0.6488767266273499,0.8653783798217773,0.702176034450531,0.5081970691680908,0.9184800386428833,14146,2396.80322265625,0.9840805530548096,0.8365821838378906,0.6157978773117065
5aec09de,59,62776,0.026286990883108034,0.7697851955890656,0.9691358208656311,0.649140477180481,0.8660279512405396,0.7023383975028992,0.5085671544075012,0.9184800386428833,14146,2396.80322265625,0.9840805530548096,0.8372319936752319,0.6160560250282288
5aec09de,60,63840,0.027762396107647833,0.7694602906703949,0.9697855710983276,0.6491847038269043,0.8660279512405396,0.7023383975028992,0.5086237192153931,0.9186424016952515,14146,2396.80322265625,0.9840805530548096,0.8365821838378906,0.6159902215003967
