run_id,epoch,step,metric,value
5aec09de,1,1064,train/loss,0.9953280597421011
5aec09de,1,1064,val/avg@1,0.6093985736370087
5aec09de,1,1064,val/i2t@5,0.904483437538147
5aec09de,1,1064,val/t2i_mAP,0.49524521827697754
5aec09de,1,1064,val/t2i@5,0.7664826512336731
5aec09de,1,1064,val/t2i@1,0.5423839092254639
5aec09de,1,1064,val/t2i_mINP,0.34046071767807007
5aec09de,1,1064,val/t2i@10,0.845891535282135
5aec09de,1,1064,val/peak_vram_reserved_mb,14146
5aec09de,1,1064,val/peak_vram_allocated_mb,2396.80322265625
5aec09de,1,1064,val/i2t@10,0.9483430981636047
5aec09de,1,1064,val/i2t@1,0.6764132380485535
5aec09de,1,1064,val/i2t_mAP,0.45560789108276367
5aec09de,2,2128,train/loss,0.5245529216455114
5aec09de,2,2128,val/avg@1,0.638716071844101
5aec09de,2,2128,val/i2t@5,0.9155295491218567
5aec09de,2,2128,val/t2i_mAP,0.5205471515655518
5aec09de,2,2128,val/t2i@5,0.7926274538040161
5aec09de,2,2128,val/t2i@1,0.563981831073761
5aec09de,2,2128,val/t2i_mINP,0.3645334243774414
5aec09de,2,2128,val/t2i@10,0.8629425168037415
5aec09de,2,2128,val/peak_vram_reserved_mb,14146
5aec09de,2,2128,val/peak_vram_allocated_mb,2396.80322265625
5aec09de,2,2128,val/i2t@10,0.9587394595146179
5aec09de,2,2128,val/i2t@1,0.7134503126144409
5aec09de,2,2128,val/i2t_mAP,0.4834699332714081
5aec09de,3,3192,train/loss,0.40363932720252443
5aec09de,3,3192,val/avg@1,0.6776136457920074
5aec09de,3,3192,val/i2t@5,0.93502277135849
5aec09de,3,3192,val/t2i_mAP,0.5549328923225403
5aec09de,3,3192,val/t2i@5,0.819097101688385
5aec09de,3,3192,val/t2i@1,0.6102630496025085
5aec09de,3,3192,val/t2i_mINP,0.3972577452659607
5aec09de,3,3192,val/t2i@10,0.8855147957801819
5aec09de,3,3192,val/peak_vram_reserved_mb,14146
5aec09de,3,3192,val/peak_vram_allocated_mb,2396.80322265625
5aec09de,3,3192,val/i2t@10,0.9691358208656311
5aec09de,3,3192,val/i2t@1,0.7449642419815063
5aec09de,3,3192,val/i2t_mAP,0.5159813761711121
5aec09de,4,4256,train/loss,0.3106649239666592
5aec09de,4,4256,val/avg@1,0.7024637460708618
5aec09de,4,4256,val/i2t@5,0.9567901492118835
5aec09de,4,4256,val/t2i_mAP,0.5798984169960022
5aec09de,4,4256,val/t2i@5,0.8356609344482422
5aec09de,4,4256,val/t2i@1,0.633322536945343
5aec09de,4,4256,val/t2i_mINP,0.42419928312301636
5aec09de,4,4256,val/t2i@10,0.8999675512313843
5aec09de,4,4256,val/peak_vram_reserved_mb,14146
5aec09de,4,4256,val/peak_vram_allocated_mb,2396.80322265625
5aec09de,4,4256,val/i2t@10,0.9824561476707458
5aec09de,4,4256,val/i2t@1,0.7716049551963806
5aec09de,4,4256,val/i2t_mAP,0.5403973460197449
5aec09de,5,5320,train/loss,0.25362776048635516
5aec09de,5,5320,val/avg@1,0.7001893520355225
5aec09de,5,5320,val/i2t@5,0.943469762802124
5aec09de,5,5320,val/t2i_mAP,0.5762062072753906
5aec09de,5,5320,val/t2i@5,0.83501136302948
5aec09de,5,5320,val/t2i@1,0.6342968344688416
5aec09de,5,5320,val/t2i_mINP,0.4173264801502228
5aec09de,5,5320,val/t2i@10,0.8960701823234558
5aec09de,5,5320,val/peak_vram_reserved_mb,14146
5aec09de,5,5320,val/peak_vram_allocated_mb,2396.80322265625
5aec09de,5,5320,val/i2t@10,0.9723846912384033
5aec09de,5,5320,val/i2t@1,0.7660818696022034
5aec09de,5,5320,val/i2t_mAP,0.5329915285110474
5aec09de,6,6384,train/loss,0.21827118378832824
5aec09de,6,6384,val/avg@1,0.7176499664783478
5aec09de,6,6384,val/i2t@5,0.9473684430122375
5aec09de,6,6384,val/t2i_mAP,0.5924914479255676
5aec09de,6,6384,val/t2i@5,0.8408574461936951
5aec09de,6,6384,val/t2i@1,0.6468009352684021
5aec09de,6,6384,val/t2i_mINP,0.4380454421043396
5aec09de,6,6384,val/t2i@10,0.9011042714118958
5aec09de,6,6384,val/peak_vram_reserved_mb,14146
5aec09de,6,6384,val/peak_vram_allocated_mb,2396.80322265625
5aec09de,6,6384,val/i2t@10,0.9753086566925049
5aec09de,6,6384,val/i2t@1,0.7884989976882935
5aec09de,6,6384,val/i2t_mAP,0.5495408177375793
5aec09de,7,7448,train/loss,0.19367157837684104
5aec09de,7,7448,val/avg@1,0.7083104252815247
5aec09de,7,7448,val/i2t@5,0.9480181932449341
5aec09de,7,7448,val/t2i_mAP,0.5816069841384888
5aec09de,7,7448,val/t2i@5,0.8382591605186462
5aec09de,7,7448,val/t2i@1,0.6411172747612
5aec09de,7,7448,val/t2i_mINP,0.4248115122318268
5aec09de,7,7448,val/t2i@10,0.8991555571556091
5aec09de,7,7448,val/peak_vram_reserved_mb,14146
5aec09de,7,7448,val/peak_vram_allocated_mb,2396.80322265625
5aec09de,7,7448,val/i2t@10,0.9762833118438721
5aec09de,7,7448,val/i2t@1,0.7755035758018494
5aec09de,7,7448,val/i2t_mAP,0.5432645678520203
5aec09de,8,8512,train/loss,0.17054116430069158
5aec09de,8,8512,val/avg@1,0.7118028104305267
5aec09de,8,8512,val/i2t@5,0.9506173133850098
5aec09de,8,8512,val/t2i_mAP,0.5851952433586121
5aec09de,8,8512,val/t2i@5,0.8367976546287537
5aec09de,8,8512,val/t2i@1,0.6419292092323303
5aec09de,8,8512,val/t2i_mINP,0.42435672879219055
5aec09de,8,8512,val/t2i@10,0.8954206109046936
5aec09de,8,8512,val/peak_vram_reserved_mb,14146
5aec09de,8,8512,val/peak_vram_allocated_mb,2396.80322265625
5aec09de,8,8512,val/i2t@10,0.9775828719139099
5aec09de,8,8512,val/i2t@1,0.7816764116287231
5aec09de,8,8512,val/i2t_mAP,0.5424870252609253
5aec09de,9,9576,train/loss,0.15683310368112324
5aec09de,9,9576,val/avg@1,0.7119652032852173
5aec09de,9,9576,val/i2t@5,0.9473684430122375
5aec09de,9,9576,val/t2i_mAP,0.5862202644348145
5aec09de,9,9576,val/t2i@5,0.8436180353164673
5aec09de,9,9576,val/t2i@1,0.6422539949417114
5aec09de,9,9576,val/t2i_mINP,0.42671841382980347
5aec09de,9,9576,val/t2i@10,0.901591420173645
5aec09de,9,9576,val/peak_vram_reserved_mb,14146
5aec09de,9,9576,val/peak_vram_allocated_mb,2396.80322265625
5aec09de,9,9576,val/i2t@10,0.9743340015411377
5aec09de,9,9576,val/i2t@1,0.7816764116287231
5aec09de,9,9576,val/i2t_mAP,0.545911431312561
5aec09de,10,10640,train/loss,0.14622737578452474
5aec09de,10,10640,val/avg@1,0.7230912446975708
5aec09de,10,10640,val/i2t@5,0.9584145545959473
5aec09de,10,10640,val/t2i_mAP,0.5942175388336182
5aec09de,10,10640,val/t2i@5,0.8467034697532654
5aec09de,10,10640,val/t2i@1,0.6502110958099365
5aec09de,10,10640,val/t2i_mINP,0.4395807981491089
5aec09de,10,10640,val/t2i@10,0.9056512117385864
5aec09de,10,10640,val/peak_vram_reserved_mb,14146
5aec09de,10,10640,val/peak_vram_allocated_mb,2396.80322265625
5aec09de,10,10640,val/i2t@10,0.9837557077407837
5aec09de,10,10640,val/i2t@1,0.7959713935852051
5aec09de,10,10640,val/i2t_mAP,0.5594409704208374
5aec09de,11,11704,train/loss,0.13433448606891965
5aec09de,11,11704,val/avg@1,0.7195991575717926
5aec09de,11,11704,val/i2t@5,0.9538661241531372
5aec09de,11,11704,val/t2i_mAP,0.5935863852500916
5aec09de,11,11704,val/t2i@5,0.8457291126251221
5aec09de,11,11704,val/t2i@1,0.6474504470825195
5aec09de,11,11704,val/t2i_mINP,0.43613380193710327
5aec09de,11,11704,val/t2i@10,0.9054887890815735
5aec09de,11,11704,val/peak_vram_reserved_mb,14146
5aec09de,11,11704,val/peak_vram_allocated_mb,2396.80322265625
5aec09de,11,11704,val/i2t@10,0.9775828719139099
5aec09de,11,11704,val/i2t@1,0.7917478680610657
5aec09de,11,11704,val/i2t_mAP,0.5593482851982117
5aec09de,12,12768,train/loss,0.12425160424388189
5aec09de,12,12768,val/avg@1,0.7208170890808105
5aec09de,12,12768,val/i2t@5,0.9499675035476685
5aec09de,12,12768,val/t2i_mAP,0.5917850136756897
5aec09de,12,12768,val/t2i@5,0.8445923924446106
5aec09de,12,12768,val/t2i@1,0.6498863101005554
5aec09de,12,12768,val/t2i_mINP,0.43287545442581177
5aec09de,12,12768,val/t2i@10,0.9012666344642639
5aec09de,12,12768,val/peak_vram_reserved_mb,14146
5aec09de,12,12768,val/peak_vram_allocated_mb,2396.80322265625
5aec09de,12,12768,val/i2t@10,0.9808316826820374
5aec09de,12,12768,val/i2t@1,0.7917478680610657
5aec09de,12,12768,val/i2t_mAP,0.5569800138473511
5aec09de,13,13832,train/loss,0.11322182590225921
5aec09de,13,13832,val/avg@1,0.7211423218250275
5aec09de,13,13832,val/i2t@5,0.9509421586990356
5aec09de,13,13832,val/t2i_mAP,0.594734251499176
5aec09de,13,13832,val/t2i@5,0.8449171781539917
5aec09de,13,13832,val/t2i@1,0.6479376554489136
5aec09de,13,13832,val/t2i_mINP,0.4401334822177887
5aec09de,13,13832,val/t2i@10,0.9032153487205505
5aec09de,13,13832,val/peak_vram_reserved_mb,14146
5aec09de,13,13832,val/peak_vram_allocated_mb,2396.80322265625
5aec09de,13,13832,val/i2t@10,0.9805068373680115
5aec09de,13,13832,val/i2t@1,0.7943469882011414
5aec09de,13,13832,val/i2t_mAP,0.558324933052063
5aec09de,14,14896,train/loss,0.11043036526683508
5aec09de,14,14896,val/avg@1,0.7218726873397827
5aec09de,14,14896,val/i2t@5,0.9502924084663391
5aec09de,14,14896,val/t2i_mAP,0.593951940536499
5aec09de,14,14896,val/t2i@5,0.8452419638633728
5aec09de,14,14896,val/t2i@1,0.6516726016998291
5aec09de,14,14896,val/t2i_mINP,0.4378266930580139
5aec09de,14,14896,val/t2i@10,0.9072750806808472
5aec09de,14,14896,val/peak_vram_reserved_mb,14146
5aec09de,14,14896,val/peak_vram_allocated_mb,2396.80322265625
5aec09de,14,14896,val/i2t@10,0.9782326221466064
5aec09de,14,14896,val/i2t@1,0.7920727729797363
5aec09de,14,14896,val/i2t_mAP,0.5555875301361084
5aec09de,15,15960,train/loss,0.10368730435830618
5aec09de,15,15960,val/avg@1,0.7177294492721558
5aec09de,15,15960,val/i2t@5,0.960038959980011
5aec09de,15,15960,val/t2i_mAP,0.6052059531211853
5aec09de,15,15960,val/t2i@5,0.8493016958236694
5aec09de,15,15960,val/t2i@1,0.6573562622070312
5aec09de,15,15960,val/t2i_mINP,0.45123276114463806
5aec09de,15,15960,val/t2i@10,0.9088990092277527
5aec09de,15,15960,val/peak_vram_reserved_mb,14146
5aec09de,15,15960,val/peak_vram_allocated_mb,2396.80322265625
5aec09de,15,15960,val/i2t@10,0.9824561476707458
5aec09de,15,15960,val/i2t@1,0.7781026363372803
5aec09de,15,15960,val/i2t_mAP,0.558376669883728
5aec09de,16,17024,train/loss,0.09502379098798576
5aec09de,16,17024,val/avg@1,0.7089583873748779
5aec09de,16,17024,val/i2t@5,0.9480181932449341
5aec09de,16,17024,val/t2i_mAP,0.5966306328773499
5aec09de,16,17024,val/t2i@5,0.8455667495727539
5aec09de,16,17024,val/t2i@1,0.6521598100662231
5aec09de,16,17024,val/t2i_mINP,0.44114166498184204
5aec09de,16,17024,val/t2i@10,0.9037024974822998
5aec09de,16,17024,val/peak_vram_reserved_mb,14146
5aec09de,16,17024,val/peak_vram_allocated_mb,2396.80322265625
5aec09de,16,17024,val/i2t@10,0.9792072772979736
5aec09de,16,17024,val/i2t@1,0.7657569646835327
5aec09de,16,17024,val/i2t_mAP,0.544884204864502
5aec09de,17,18088,train/loss,0.0923773198398583
5aec09de,17,18088,val/avg@1,0.7200857996940613
5aec09de,17,18088,val/i2t@5,0.9499675035476685
5aec09de,17,18088,val/t2i_mAP,0.5939281582832336
5aec09de,17,18088,val/t2i@5,0.8442676067352295
5aec09de,17,18088,val/t2i@1,0.6516726016998291
5aec09de,17,18088,val/t2i_mINP,0.4354551434516907
5aec09de,17,18088,val/t2i@10,0.9022409915924072
5aec09de,17,18088,val/peak_vram_reserved_mb,14146
5aec09de,17,18088,val/peak_vram_allocated_mb,2396.80322265625
5aec09de,17,18088,val/i2t@10,0.9769330620765686
5aec09de,17,18088,val/i2t@1,0.7884989976882935
5aec09de,17,18088,val/i2t_mAP,0.5588518977165222
5aec09de,18,19152,train/loss,0.08701434984796197
5aec09de,18,19152,val/avg@1,0.7235763669013977
5aec09de,18,19152,val/i2t@5,0.9522417187690735
5aec09de,18,19152,val/t2i_mAP,0.6072909832000732
5aec09de,18,19152,val/t2i@5,0.8493016958236694
5aec09de,18,19152,val/t2i@1,0.6638519167900085
5aec09de,18,19152,val/t2i_mINP,0.4513067901134491
5aec09de,18,19152,val/t2i@10,0.9051640033721924
5aec09de,18,19152,val/peak_vram_reserved_mb,14146
5aec09de,18,19152,val/peak_vram_allocated_mb,2396.80322265625
5aec09de,18,19152,val/i2t@10,0.9779077172279358
5aec09de,18,19152,val/i2t@1,0.7833008170127869
5aec09de,18,19152,val/i2t_mAP,0.5597424507141113
5aec09de,19,20216,train/loss,0.08429796797927133
5aec09de,19,20216,val/avg@1,0.7180554568767548
5aec09de,19,20216,val/i2t@5,0.9460688829421997
5aec09de,19,20216,val/t2i_mAP,0.5947332978248596
5aec09de,19,20216,val/t2i@5,0.8423189520835876
5aec09de,19,20216,val/t2i@1,0.6505358815193176
5aec09de,19,20216,val/t2i_mINP,0.4393494129180908
5aec09de,19,20216,val/t2i@10,0.8986684083938599
5aec09de,19,20216,val/peak_vram_reserved_mb,14146
5aec09de,19,20216,val/peak_vram_allocated_mb,2396.80322265625
5aec09de,19,20216,val/i2t@10,0.9766082167625427
5aec09de,19,20216,val/i2t@1,0.7855750322341919
5aec09de,19,20216,val/i2t_mAP,0.5580164194107056
5aec09de,20,21280,train/loss,0.07792295873142373
5aec09de,20,21280,val/avg@1,0.7159432768821716
5aec09de,20,21280,val/i2t@5,0.9483430981636047
5aec09de,20,21280,val/t2i_mAP,0.5976038575172424
5aec09de,20,21280,val/t2i@5,0.8457291126251221
5aec09de,20,21280,val/t2i@1,0.6531341075897217
5aec09de,20,21280,val/t2i_mINP,0.44239482283592224
5aec09de,20,21280,val/t2i@10,0.9053264260292053
5aec09de,20,21280,val/peak_vram_reserved_mb,14146
5aec09de,20,21280,val/peak_vram_allocated_mb,2396.80322265625
5aec09de,20,21280,val/i2t@10,0.9772579669952393
5aec09de,20,21280,val/i2t@1,0.7787524461746216
5aec09de,20,21280,val/i2t_mAP,0.558822512626648
5aec09de,21,22344,train/loss,0.07466997569199316
5aec09de,21,22344,val/avg@1,0.7208979725837708
5aec09de,21,22344,val/i2t@5,0.9519168138504028
5aec09de,21,22344,val/t2i_mAP,0.5994232892990112
5aec09de,21,22344,val/t2i@5,0.8462163209915161
5aec09de,21,22344,val/t2i@1,0.6519973874092102
5aec09de,21,22344,val/t2i_mINP,0.44788122177124023
5aec09de,21,22344,val/t2i@10,0.9059759378433228
5aec09de,21,22344,val/peak_vram_reserved_mb,14146
5aec09de,21,22344,val/peak_vram_allocated_mb,2396.80322265625
5aec09de,21,22344,val/i2t@10,0.9821312427520752
5aec09de,21,22344,val/i2t@1,0.7897985577583313
5aec09de,21,22344,val/i2t_mAP,0.5617044568061829
5aec09de,22,23408,train/loss,0.07105088421536165
5aec09de,22,23408,val/avg@1,0.7311302721500397
5aec09de,22,23408,val/i2t@5,0.9574398994445801
5aec09de,22,23408,val/t2i_mAP,0.6036108732223511
5aec09de,22,23408,val/t2i@5,0.8476778268814087
5aec09de,22,23408,val/t2i@1,0.6620656251907349
5aec09de,22,23408,val/t2i_mINP,0.4510517120361328
5aec09de,22,23408,val/t2i@10,0.9080870151519775
5aec09de,22,23408,val/peak_vram_reserved_mb,14146
5aec09de,22,23408,val/peak_vram_allocated_mb,2396.80322265625
5aec09de,22,23408,val/i2t@10,0.9795321822166443
5aec09de,22,23408,val/i2t@1,0.8001949191093445
5aec09de,22,23408,val/i2t_mAP,0.5602993369102478
5aec09de,23,24472,train/loss,0.06788892107234508
5aec09de,23,24472,val/avg@1,0.7286125719547272
5aec09de,23,24472,val/i2t@5,0.961013674736023
5aec09de,23,24472,val/t2i_mAP,0.6083161234855652
5aec09de,23,24472,val/t2i@5,0.8488145470619202
5aec09de,23,24472,val/t2i@1,0.6609288454055786
5aec09de,23,24472,val/t2i_mINP,0.4580150246620178
5aec09de,23,24472,val/t2i@10,0.9045144319534302
5aec09de,23,24472,val/peak_vram_reserved_mb,14146
5aec09de,23,24472,val/peak_vram_allocated_mb,2396.80322265625
5aec09de,23,24472,val/i2t@10,0.9827810525894165
5aec09de,23,24472,val/i2t@1,0.7962962985038757
5aec09de,23,24472,val/i2t_mAP,0.5712363719940186
5aec09de,24,25536,train/loss,0.0665135865528189
5aec09de,24,25536,val/avg@1,0.7291809022426605
5aec09de,24,25536,val/i2t@5,0.9519168138504028
5aec09de,24,25536,val/t2i_mAP,0.6108880639076233
5aec09de,24,25536,val/t2i@5,0.8523871302604675
5aec09de,24,25536,val/t2i@1,0.662390410900116
5aec09de,24,25536,val/t2i_mINP,0.45976004004478455
5aec09de,24,25536,val/t2i@10,0.9061383605003357
5aec09de,24,25536,val/peak_vram_reserved_mb,14146
5aec09de,24,25536,val/peak_vram_allocated_mb,2396.80322265625
5aec09de,24,25536,val/i2t@10,0.9795321822166443
5aec09de,24,25536,val/i2t@1,0.7959713935852051
5aec09de,24,25536,val/i2t_mAP,0.5697911977767944
5aec09de,25,26600,train/loss,0.06055247891082471
5aec09de,25,26600,val/avg@1,0.7297500669956207
5aec09de,25,26600,val/i2t@5,0.9545159339904785
5aec09de,25,26600,val/t2i_mAP,0.6072120070457458
5aec09de,25,26600,val/t2i@5,0.8517375588417053
5aec09de,25,26600,val/t2i@1,0.6586554050445557
5aec09de,25,26600,val/t2i_mINP,0.4539014995098114
5aec09de,25,26600,val/t2i@10,0.9061383605003357
5aec09de,25,26600,val/peak_vram_reserved_mb,14146
5aec09de,25,26600,val/peak_vram_allocated_mb,2396.80322265625
5aec09de,25,26600,val/i2t@10,0.9782326221466064
5aec09de,25,26600,val/i2t@1,0.8008447289466858
5aec09de,25,26600,val/i2t_mAP,0.5706726312637329
5aec09de,26,27664,train/loss,0.05619094920902876
5aec09de,26,27664,val/avg@1,0.7229277789592743
5aec09de,26,27664,val/i2t@5,0.9538661241531372
5aec09de,26,27664,val/t2i_mAP,0.6089381575584412
5aec09de,26,27664,val/t2i@5,0.8533614873886108
5aec09de,26,27664,val/t2i@1,0.6567067503929138
5aec09de,26,27664,val/t2i_mINP,0.4573588967323303
5aec09de,26,27664,val/t2i@10,0.9084118008613586
5aec09de,26,27664,val/peak_vram_reserved_mb,14146
5aec09de,26,27664,val/peak_vram_allocated_mb,2396.80322265625
5aec09de,26,27664,val/i2t@10,0.9782326221466064
5aec09de,26,27664,val/i2t@1,0.7891488075256348
5aec09de,26,27664,val/i2t_mAP,0.5672386884689331
5aec09de,27,28728,train/loss,0.05668626788958095
5aec09de,27,28728,val/avg@1,0.7293431162834167
5aec09de,27,28728,val/i2t@5,0.9525666236877441
5aec09de,27,28728,val/t2i_mAP,0.6143163442611694
5aec09de,27,28728,val/t2i@5,0.8517375588417053
5aec09de,27,28728,val/t2i@1,0.6636894941329956
5aec09de,27,28728,val/t2i_mINP,0.4668997824192047
5aec09de,27,28728,val/t2i@10,0.9088990092277527
5aec09de,27,28728,val/peak_vram_reserved_mb,14146
5aec09de,27,28728,val/peak_vram_allocated_mb,2396.80322265625
5aec09de,27,28728,val/i2t@10,0.9801819324493408
5aec09de,27,28728,val/i2t@1,0.7949967384338379
5aec09de,27,28728,val/i2t_mAP,0.5754454135894775
5aec09de,28,29792,train/loss,0.05351016634556157
5aec09de,28,29792,val/avg@1,0.7325111627578735
5aec09de,28,29792,val/i2t@5,0.9587394595146179
5aec09de,28,29792,val/t2i_mAP,0.6068358421325684
5aec09de,28,29792,val/t2i@5,0.8476778268814087
5aec09de,28,29792,val/t2i@1,0.6612536311149597
5aec09de,28,29792,val/t2i_mINP,0.4548168182373047
5aec09de,28,29792,val/t2i@10,0.9061383605003357
5aec09de,28,29792,val/peak_vram_reserved_mb,14146
5aec09de,28,29792,val/peak_vram_allocated_mb,2396.80322265625
5aec09de,28,29792,val/i2t@10,0.9824561476707458
5aec09de,28,29792,val/i2t@1,0.8037686944007874
5aec09de,28,29792,val/i2t_mAP,0.5766885280609131
5aec09de,29,30856,train/loss,0.05265899644105492
5aec09de,29,30856,val/avg@1,0.7301551997661591
5aec09de,29,30856,val/i2t@5,0.9541910290718079
5aec09de,29,30856,val/t2i_mAP,0.6078722476959229
5aec09de,29,30856,val/t2i@5,0.8467034697532654
5aec09de,29,30856,val/t2i@1,0.6646638512611389
5aec09de,29,30856,val/t2i_mINP,0.45369791984558105
5aec09de,29,30856,val/t2i@10,0.904352068901062
5aec09de,29,30856,val/peak_vram_reserved_mb,14146
5aec09de,29,30856,val/peak_vram_allocated_mb,2396.80322265625
5aec09de,29,30856,val/i2t@10,0.9779077172279358
5aec09de,29,30856,val/i2t@1,0.7956465482711792
5aec09de,29,30856,val/i2t_mAP,0.5620854496955872
5aec09de,30,31920,train/loss,0.050874968989151774
5aec09de,30,31920,val/avg@1,0.7295058369636536
5aec09de,30,31920,val/i2t@5,0.9519168138504028
5aec09de,30,31920,val/t2i_mAP,0.6113589406013489
5aec09de,30,31920,val/t2i@5,0.8465411067008972
5aec09de,30,31920,val/t2i@1,0.6620656251907349
5aec09de,30,31920,val/t2i_mINP,0.46122321486473083
5aec09de,30,31920,val/t2i@10,0.9050016403198242
5aec09de,30,31920,val/peak_vram_reserved_mb,14146
5aec09de,30,31920,val/peak_vram_allocated_mb,2396.80322265625
5aec09de,30,31920,val/i2t@10,0.9805068373680115
5aec09de,30,31920,val/i2t@1,0.7969460487365723
5aec09de,30,31920,val/i2t_mAP,0.568952739238739
5aec09de,31,32984,train/loss,0.049455462034721245
5aec09de,31,32984,val/avg@1,0.7387636005878448
5aec09de,31,32984,val/i2t@5,0.9577648043632507
5aec09de,31,32984,val/t2i_mAP,0.6216259598731995
5aec09de,31,32984,val/t2i@5,0.8457291126251221
5aec09de,31,32984,val/t2i@1,0.6711594462394714
5aec09de,31,32984,val/t2i_mINP,0.47630932927131653
5aec09de,31,32984,val/t2i@10,0.906625509262085
5aec09de,31,32984,val/peak_vram_reserved_mb,14146
5aec09de,31,32984,val/peak_vram_allocated_mb,2396.80322265625
5aec09de,31,32984,val/i2t@10,0.9857050180435181
5aec09de,31,32984,val/i2t@1,0.8063677549362183
5aec09de,31,32984,val/i2t_mAP,0.583865761756897
5aec09de,32,34048,train/loss,0.04557374690970514
5aec09de,32,34048,val/avg@1,0.7339718341827393
5aec09de,32,34048,val/i2t@5,0.9619883298873901
5aec09de,32,34048,val/t2i_mAP,0.6220217347145081
5aec09de,32,34048,val/t2i@5,0.8541734218597412
5aec09de,32,34048,val/t2i@1,0.6693731546401978
5aec09de,32,34048,val/t2i_mINP,0.4775737524032593
5aec09de,32,34048,val/t2i@10,0.907112717628479
5aec09de,32,34048,val/peak_vram_reserved_mb,14146
5aec09de,32,34048,val/peak_vram_allocated_mb,2396.80322265625
5aec09de,32,34048,val/i2t@10,0.9847303628921509
5aec09de,32,34048,val/i2t@1,0.7985705137252808
5aec09de,32,34048,val/i2t_mAP,0.5827653408050537
5aec09de,33,35112,train/loss,0.04477236535119727
5aec09de,33,35112,val/avg@1,0.7321040630340576
5aec09de,33,35112,val/i2t@5,0.9587394595146179
5aec09de,33,35112,val/t2i_mAP,0.6152467727661133
5aec09de,33,35112,val/t2i@5,0.8507632613182068
5aec09de,33,35112,val/t2i@1,0.667262077331543
5aec09de,33,35112,val/t2i_mINP,0.4654052257537842
5aec09de,33,35112,val/t2i@10,0.9061383605003357
5aec09de,33,35112,val/peak_vram_reserved_mb,14146
5aec09de,33,35112,val/peak_vram_allocated_mb,2396.80322265625
5aec09de,33,35112,val/i2t@10,0.981156587600708
5aec09de,33,35112,val/i2t@1,0.7969460487365723
5aec09de,33,35112,val/i2t_mAP,0.5787287950515747
5aec09de,34,36176,train/loss,0.0425695881638781
5aec09de,34,36176,val/avg@1,0.7363270819187164
5aec09de,34,36176,val/i2t@5,0.9616634249687195
5aec09de,34,36176,val/t2i_mAP,0.6188228130340576
5aec09de,34,36176,val/t2i@5,0.8528743386268616
5aec09de,34,36176,val/t2i@1,0.670509934425354
5aec09de,34,36176,val/t2i_mINP,0.46832817792892456
5aec09de,34,36176,val/t2i@10,0.9100357294082642
5aec09de,34,36176,val/peak_vram_reserved_mb,14146
5aec09de,34,36176,val/peak_vram_allocated_mb,2396.80322265625
5aec09de,34,36176,val/i2t@10,0.9847303628921509
5aec09de,34,36176,val/i2t@1,0.8021442294120789
5aec09de,34,36176,val/i2t_mAP,0.5806438326835632
5aec09de,35,37240,train/loss,0.04321603122123196
5aec09de,35,37240,val/avg@1,0.7449354231357574
5aec09de,35,37240,val/i2t@5,0.9649122953414917
5aec09de,35,37240,val/t2i_mAP,0.6235830783843994
5aec09de,35,37240,val/t2i@5,0.8510879874229431
5aec09de,35,37240,val/t2i@1,0.6776551008224487
5aec09de,35,37240,val/t2i_mINP,0.4754624366760254
5aec09de,35,37240,val/t2i@10,0.9061383605003357
5aec09de,35,37240,val/peak_vram_reserved_mb,14146
5aec09de,35,37240,val/peak_vram_allocated_mb,2396.80322265625
5aec09de,35,37240,val/i2t@10,0.9818063974380493
5aec09de,35,37240,val/i2t@1,0.8122157454490662
5aec09de,35,37240,val/i2t_mAP,0.5867108702659607
5aec09de,36,38304,train/loss,0.04028846733583356
5aec09de,36,38304,val/avg@1,0.7433115541934967
5aec09de,36,38304,val/i2t@5,0.9574398994445801
5aec09de,36,38304,val/t2i_mAP,0.6225187182426453
5aec09de,36,38304,val/t2i@5,0.8548229932785034
5aec09de,36,38304,val/t2i@1,0.6740825176239014
5aec09de,36,38304,val/t2i_mINP,0.47195523977279663
5aec09de,36,38304,val/t2i@10,0.9092237949371338
5aec09de,36,38304,val/peak_vram_reserved_mb,14146
5aec09de,36,38304,val/peak_vram_allocated_mb,2396.80322265625
5aec09de,36,38304,val/i2t@10,0.9840805530548096
5aec09de,36,38304,val/i2t@1,0.812540590763092
5aec09de,36,38304,val/i2t_mAP,0.5875962376594543
5aec09de,37,39368,train/loss,0.03596742001541555
5aec09de,37,39368,val/avg@1,0.7425804734230042
5aec09de,37,39368,val/i2t@5,0.955165684223175
5aec09de,37,39368,val/t2i_mAP,0.6210125684738159
5aec09de,37,39368,val/t2i@5,0.8548229932785034
5aec09de,37,39368,val/t2i@1,0.6745696663856506
5aec09de,37,39368,val/t2i_mINP,0.4732275605201721
5aec09de,37,39368,val/t2i@10,0.9098733067512512
5aec09de,37,39368,val/peak_vram_reserved_mb,14146
5aec09de,37,39368,val/peak_vram_allocated_mb,2396.80322265625
5aec09de,37,39368,val/i2t@10,0.9840805530548096
5aec09de,37,39368,val/i2t@1,0.8105912804603577
5aec09de,37,39368,val/i2t_mAP,0.584716796875
5aec09de,38,40432,train/loss,0.03644622775990362
5aec09de,38,40432,val/avg@1,0.7371393144130707
5aec09de,38,40432,val/i2t@5,0.961013674736023
5aec09de,38,40432,val/t2i_mAP,0.6229650974273682
5aec09de,38,40432,val/t2i@5,0.8520623445510864
5aec09de,38,40432,val/t2i@1,0.670509934425354
5aec09de,38,40432,val/t2i_mINP,0.477766752243042
5aec09de,38,40432,val/t2i@10,0.9035401344299316
5aec09de,38,40432,val/peak_vram_reserved_mb,14146
5aec09de,38,40432,val/peak_vram_allocated_mb,2396.80322265625
5aec09de,38,40432,val/i2t@10,0.981156587600708
5aec09de,38,40432,val/i2t@1,0.8037686944007874
5aec09de,38,40432,val/i2t_mAP,0.5827307105064392
5aec09de,39,41496,train/loss,0.03704723258426001
5aec09de,39,41496,val/avg@1,0.7483464777469635
5aec09de,39,41496,val/i2t@5,0.9668616056442261
5aec09de,39,41496,val/t2i_mAP,0.6291269063949585
5aec09de,39,41496,val/t2i@5,0.8622929453849792
5aec09de,39,41496,val/t2i@1,0.6789541840553284
5aec09de,39,41496,val/t2i_mINP,0.4811871349811554
5aec09de,39,41496,val/t2i@10,0.9114972352981567
5aec09de,39,41496,val/peak_vram_reserved_mb,14146
5aec09de,39,41496,val/peak_vram_allocated_mb,2396.80322265625
5aec09de,39,41496,val/i2t@10,0.988304078578949
5aec09de,39,41496,val/i2t@1,0.8177387714385986
5aec09de,39,41496,val/i2t_mAP,0.5959846377372742
5aec09de,40,42560,train/loss,0.035189867530796184
5aec09de,40,42560,val/avg@1,0.7520006000995636
5aec09de,40,42560,val/i2t@5,0.962313175201416
5aec09de,40,42560,val/t2i_mAP,0.6340187191963196
5aec09de,40,42560,val/t2i@5,0.8593699336051941
5aec09de,40,42560,val/t2i@1,0.6843131184577942
5aec09de,40,42560,val/t2i_mINP,0.4924849271774292
5aec09de,40,42560,val/t2i@10,0.9126339554786682
5aec09de,40,42560,val/peak_vram_reserved_mb,14146
5aec09de,40,42560,val/peak_vram_allocated_mb,2396.80322265625
5aec09de,40,42560,val/i2t@10,0.9847303628921509
5aec09de,40,42560,val/i2t@1,0.819688081741333
5aec09de,40,42560,val/i2t_mAP,0.600369930267334
5aec09de,41,43624,train/loss,0.03637604575802347
5aec09de,41,43624,val/avg@1,0.7471287250518799
5aec09de,41,43624,val/i2t@5,0.9629629850387573
5aec09de,41,43624,val/t2i_mAP,0.6302853226661682
5aec09de,41,43624,val/t2i@5,0.8588827252388
5aec09de,41,43624,val/t2i@1,0.675544023513794
5aec09de,41,43624,val/t2i_mINP,0.48689261078834534
5aec09de,41,43624,val/t2i@10,0.9103605151176453
5aec09de,41,43624,val/peak_vram_reserved_mb,14146
5aec09de,41,43624,val/peak_vram_allocated_mb,2396.80322265625
5aec09de,41,43624,val/i2t@10,0.9837557077407837
5aec09de,41,43624,val/i2t@1,0.8187134265899658
5aec09de,41,43624,val/i2t_mAP,0.5968291759490967
5aec09de,42,44688,train/loss,0.03024879486205245
5aec09de,42,44688,val/avg@1,0.7485090494155884
5aec09de,42,44688,val/i2t@5,0.9642624855041504
5aec09de,42,44688,val/t2i_mAP,0.6357348561286926
5aec09de,42,44688,val/t2i@5,0.859045147895813
5aec09de,42,44688,val/t2i@1,0.6783046722412109
5aec09de,42,44688,val/t2i_mINP,0.4941554069519043
5aec09de,42,44688,val/t2i@10,0.9139330983161926
5aec09de,42,44688,val/peak_vram_reserved_mb,14146
5aec09de,42,44688,val/peak_vram_allocated_mb,2396.80322265625
5aec09de,42,44688,val/i2t@10,0.983430802822113
5aec09de,42,44688,val/i2t@1,0.8187134265899658
5aec09de,42,44688,val/i2t_mAP,0.6037850975990295
5aec09de,43,45752,train/loss,0.030073560821018277
5aec09de,43,45752,val/avg@1,0.7474527657032013
5aec09de,43,45752,val/i2t@5,0.9626380801200867
5aec09de,43,45752,val/t2i_mAP,0.635908842086792
5aec09de,43,45752,val/t2i@5,0.8593699336051941
5aec09de,43,45752,val/t2i@1,0.680740475654602
5aec09de,43,45752,val/t2i_mINP,0.4949946701526642
5aec09de,43,45752,val/t2i@10,0.9149074554443359
5aec09de,43,45752,val/peak_vram_reserved_mb,14146
5aec09de,43,45752,val/peak_vram_allocated_mb,2396.80322265625
5aec09de,43,45752,val/i2t@10,0.983430802822113
5aec09de,43,45752,val/i2t@1,0.8141650557518005
5aec09de,43,45752,val/i2t_mAP,0.5996907949447632
5aec09de,44,46816,train/loss,0.03200055028532847
5aec09de,44,46816,val/avg@1,0.7524065673351288
5aec09de,44,46816,val/i2t@5,0.9665367007255554
5aec09de,44,46816,val/t2i_mAP,0.6365441679954529
5aec09de,44,46816,val/t2i@5,0.8596947193145752
5aec09de,44,46816,val/t2i@1,0.6851250529289246
5aec09de,44,46816,val/t2i_mINP,0.4942774772644043
5aec09de,44,46816,val/t2i@10,0.9136083126068115
5aec09de,44,46816,val/peak_vram_reserved_mb,14146
5aec09de,44,46816,val/peak_vram_allocated_mb,2396.80322265625
5aec09de,44,46816,val/i2t@10,0.9853801131248474
5aec09de,44,46816,val/i2t@1,0.819688081741333
5aec09de,44,46816,val/i2t_mAP,0.601244330406189
5aec09de,45,47880,train/loss,0.029322347972353776
5aec09de,45,47880,val/avg@1,0.7520809173583984
5aec09de,45,47880,val/i2t@5,0.9652371406555176
5aec09de,45,47880,val/t2i_mAP,0.6416382193565369
5aec09de,45,47880,val/t2i@5,0.8626177310943604
5aec09de,45,47880,val/t2i@1,0.6899967789649963
5aec09de,45,47880,val/t2i_mINP,0.4995887875556946
5aec09de,45,47880,val/t2i@10,0.9145826697349548
5aec09de,45,47880,val/peak_vram_reserved_mb,14146
5aec09de,45,47880,val/peak_vram_allocated_mb,2396.80322265625
5aec09de,45,47880,val/i2t@10,0.983430802822113
5aec09de,45,47880,val/i2t@1,0.8141650557518005
5aec09de,45,47880,val/i2t_mAP,0.5997411608695984
5aec09de,46,48944,train/loss,0.029390514357411444
5aec09de,46,48944,val/avg@1,0.7543565332889557
5aec09de,46,48944,val/i2t@5,0.9658869504928589
5aec09de,46,48944,val/t2i_mAP,0.6389896869659424
5aec09de,46,48944,val/t2i@5,0.8621305823326111
5aec09de,46,48944,val/t2i@1,0.6812276840209961
5aec09de,46,48944,val/t2i_mINP,0.49850133061408997
5aec09de,46,48944,val/t2i@10,0.9139330983161926
5aec09de,46,48944,val/peak_vram_reserved_mb,14146
5aec09de,46,48944,val/peak_vram_allocated_mb,2396.80322265625
5aec09de,46,48944,val/i2t@10,0.9857050180435181
5aec09de,46,48944,val/i2t@1,0.8274853825569153
5aec09de,46,48944,val/i2t_mAP,0.6081098914146423
5aec09de,47,50008,train/loss,0.027730795356442593
5aec09de,47,50008,val/avg@1,0.7576042413711548
5aec09de,47,50008,val/i2t@5,0.964587390422821
5aec09de,47,50008,val/t2i_mAP,0.6420352458953857
5aec09de,47,50008,val/t2i@5,0.8621305823326111
5aec09de,47,50008,val/t2i@1,0.6883728504180908
5aec09de,47,50008,val/t2i_mINP,0.5024406313896179
5aec09de,47,50008,val/t2i@10,0.9131211638450623
5aec09de,47,50008,val/peak_vram_reserved_mb,14146
5aec09de,47,50008,val/peak_vram_allocated_mb,2396.80322265625
5aec09de,47,50008,val/i2t@10,0.9837557077407837
5aec09de,47,50008,val/i2t@1,0.8268356323242188
5aec09de,47,50008,val/i2t_mAP,0.6106973886489868
5aec09de,48,51072,train/loss,0.02884355473352321
5aec09de,48,51072,val/avg@1,0.7601217925548553
5aec09de,48,51072,val/i2t@5,0.9658869504928589
5aec09de,48,51072,val/t2i_mAP,0.6422857642173767
5aec09de,48,51072,val/t2i@5,0.8596947193145752
5aec09de,48,51072,val/t2i@1,0.6901591420173645
5aec09de,48,51072,val/t2i_mINP,0.5006846189498901
5aec09de,48,51072,val/t2i@10,0.9160441756248474
5aec09de,48,51072,val/peak_vram_reserved_mb,14146
5aec09de,48,51072,val/peak_vram_allocated_mb,2396.80322265625
5aec09de,48,51072,val/i2t@10,0.9827810525894165
5aec09de,48,51072,val/i2t@1,0.8300844430923462
5aec09de,48,51072,val/i2t_mAP,0.6078675389289856
5aec09de,49,52136,train/loss,0.026850053246931578
5aec09de,49,52136,val/avg@1,0.7650754451751709
5aec09de,49,52136,val/i2t@5,0.9668616056442261
5aec09de,49,52136,val/t2i_mAP,0.6439622044563293
5aec09de,49,52136,val/t2i@5,0.8627800941467285
5aec09de,49,52136,val/t2i@1,0.6955180168151855
5aec09de,49,52136,val/t2i_mINP,0.5021657347679138
5aec09de,49,52136,val/t2i@10,0.9171808958053589
5aec09de,49,52136,val/peak_vram_reserved_mb,14146
5aec09de,49,52136,val/peak_vram_allocated_mb,2396.80322265625
5aec09de,49,52136,val/i2t@10,0.9844054579734802
5aec09de,49,52136,val/i2t@1,0.8346328735351562
5aec09de,49,52136,val/i2t_mAP,0.6106429100036621
5aec09de,50,53200,train/loss,0.028193632891437535
5aec09de,50,53200,val/avg@1,0.7642631828784943
5aec09de,50,53200,val/i2t@5,0.9658869504928589
5aec09de,50,53200,val/t2i_mAP,0.645036518573761
5aec09de,50,53200,val/t2i@5,0.867164671421051
5aec09de,50,53200,val/t2i@1,0.6958428025245667
5aec09de,50,53200,val/t2i_mINP,0.5035403370857239
5aec09de,50,53200,val/t2i@10,0.9170185327529907
5aec09de,50,53200,val/peak_vram_reserved_mb,14146
5aec09de,50,53200,val/peak_vram_allocated_mb,2396.80322265625
5aec09de,50,53200,val/i2t@10,0.9847303628921509
5aec09de,50,53200,val/i2t@1,0.8326835632324219
5aec09de,50,53200,val/i2t_mAP,0.6109738349914551
5aec09de,51,54264,train/loss,0.026812216537889202
5aec09de,51,54264,val/avg@1,0.766943484544754
5aec09de,51,54264,val/i2t@5,0.9704353213310242
5aec09de,51,54264,val/t2i_mAP,0.645138680934906
5aec09de,51,54264,val/t2i@5,0.8647288084030151
5aec09de,51,54264,val/t2i@1,0.6960052251815796
5aec09de,51,54264,val/t2i_mINP,0.5036681890487671
5aec09de,51,54264,val/t2i@10,0.9150698184967041
5aec09de,51,54264,val/peak_vram_reserved_mb,14146
5aec09de,51,54264,val/peak_vram_allocated_mb,2396.80322265625
5aec09de,51,54264,val/i2t@10,0.9850552082061768
5aec09de,51,54264,val/i2t@1,0.8378817439079285
5aec09de,51,54264,val/i2t_mAP,0.61314857006073
5aec09de,52,55328,train/loss,0.02703066821580839
5aec09de,52,55328,val/avg@1,0.7679179608821869
5aec09de,52,55328,val/i2t@5,0.9681611657142639
5aec09de,52,55328,val/t2i_mAP,0.6468676328659058
5aec09de,52,55328,val/t2i@5,0.8660279512405396
5aec09de,52,55328,val/t2i@1,0.6969795227050781
5aec09de,52,55328,val/t2i_mINP,0.505739688873291
5aec09de,52,55328,val/t2i@10,0.9178304672241211
5aec09de,52,55328,val/peak_vram_reserved_mb,14146
5aec09de,52,55328,val/peak_vram_allocated_mb,2396.80322265625
5aec09de,52,55328,val/i2t@10,0.9837557077407837
5aec09de,52,55328,val/i2t@1,0.8388563990592957
5aec09de,52,55328,val/i2t_mAP,0.6160131692886353
5aec09de,53,56392,train/loss,0.024504282670015965
5aec09de,53,56392,val/avg@1,0.7678366899490356
5aec09de,53,56392,val/i2t@5,0.9691358208656311
5aec09de,53,56392,val/t2i_mAP,0.6470789313316345
5aec09de,53,56392,val/t2i@5,0.8663527369499207
5aec09de,53,56392,val/t2i@1,0.6974667310714722
5aec09de,53,56392,val/t2i_mINP,0.506345808506012
5aec09de,53,56392,val/t2i@10,0.9181552529335022
5aec09de,53,56392,val/peak_vram_reserved_mb,14146
5aec09de,53,56392,val/peak_vram_allocated_mb,2396.80322265625
5aec09de,53,56392,val/i2t@10,0.9850552082061768
5aec09de,53,56392,val/i2t@1,0.8382066488265991
5aec09de,53,56392,val/i2t_mAP,0.6149622201919556
5aec09de,54,57456,train/loss,0.028951765122496226
5aec09de,54,57456,val/avg@1,0.7684048414230347
5aec09de,54,57456,val/i2t@5,0.9691358208656311
5aec09de,54,57456,val/t2i_mAP,0.647581160068512
5aec09de,54,57456,val/t2i@5,0.8648911714553833
5aec09de,54,57456,val/t2i@1,0.6999025940895081
5aec09de,54,57456,val/t2i_mINP,0.506696879863739
5aec09de,54,57456,val/t2i@10,0.9186424016952515
5aec09de,54,57456,val/peak_vram_reserved_mb,14146
5aec09de,54,57456,val/peak_vram_allocated_mb,2396.80322265625
5aec09de,54,57456,val/i2t@10,0.9837557077407837
5aec09de,54,57456,val/i2t@1,0.8369070887565613
5aec09de,54,57456,val/i2t_mAP,0.6152628064155579
5aec09de,55,58520,train/loss,0.02685664626844977
5aec09de,55,58520,val/avg@1,0.768323540687561
5aec09de,55,58520,val/i2t@5,0.9688109159469604
5aec09de,55,58520,val/t2i_mAP,0.6478368639945984
5aec09de,55,58520,val/t2i@5,0.8650535941123962
5aec09de,55,58520,val/t2i@1,0.7003897428512573
5aec09de,55,58520,val/t2i_mINP,0.5069735646247864
5aec09de,55,58520,val/t2i@10,0.9184800386428833
5aec09de,55,58520,val/peak_vram_reserved_mb,14146
5aec09de,55,58520,val/peak_vram_allocated_mb,2396.80322265625
5aec09de,55,58520,val/i2t@10,0.9844054579734802
5aec09de,55,58520,val/i2t@1,0.8362573385238647
5aec09de,55,58520,val/i2t_mAP,0.6160176992416382
5aec09de,56,59584,train/loss,0.027616721129528145
5aec09de,56,59584,val/avg@1,0.7697853147983551
5aec09de,56,59584,val/i2t@5,0.9691358208656311
5aec09de,56,59584,val/t2i_mAP,0.6484923362731934
5aec09de,56,59584,val/t2i@5,0.8655407428741455
5aec09de,56,59584,val/t2i@1,0.7016888856887817
5aec09de,56,59584,val/t2i_mINP,0.5077039003372192
5aec09de,56,59584,val/t2i@10,0.9184800386428833
5aec09de,56,59584,val/peak_vram_reserved_mb,14146
5aec09de,56,59584,val/peak_vram_allocated_mb,2396.80322265625
5aec09de,56,59584,val/i2t@10,0.983430802822113
5aec09de,56,59584,val/i2t@1,0.8378817439079285
5aec09de,56,59584,val/i2t_mAP,0.6161308884620667
5aec09de,57,60648,train/loss,0.026004799883379837
5aec09de,57,60648,val/avg@1,0.7699475884437561
5aec09de,57,60648,val/i2t@5,0.9688109159469604
5aec09de,57,60648,val/t2i_mAP,0.6487312912940979
5aec09de,57,60648,val/t2i@5,0.8640792369842529
5aec09de,57,60648,val/t2i@1,0.7026631832122803
5aec09de,57,60648,val/t2i_mINP,0.5079966187477112
5aec09de,57,60648,val/t2i@10,0.9178304672241211
5aec09de,57,60648,val/peak_vram_reserved_mb,14146
5aec09de,57,60648,val/peak_vram_allocated_mb,2396.80322265625
5aec09de,57,60648,val/i2t@10,0.9837557077407837
5aec09de,57,60648,val/i2t@1,0.8372319936752319
5aec09de,57,60648,val/i2t_mAP,0.6159045100212097
5aec09de,58,61712,train/loss,0.024820476214636483
5aec09de,58,61712,val/avg@1,0.7693791091442108
5aec09de,58,61712,val/i2t@5,0.9691358208656311
5aec09de,58,61712,val/t2i_mAP,0.6488767266273499
5aec09de,58,61712,val/t2i@5,0.8653783798217773
5aec09de,58,61712,val/t2i@1,0.702176034450531
5aec09de,58,61712,val/t2i_mINP,0.5081970691680908
5aec09de,58,61712,val/t2i@10,0.9184800386428833
5aec09de,58,61712,val/peak_vram_reserved_mb,14146
5aec09de,58,61712,val/peak_vram_allocated_mb,2396.80322265625
5aec09de,58,61712,val/i2t@10,0.9840805530548096
5aec09de,58,61712,val/i2t@1,0.8365821838378906
5aec09de,58,61712,val/i2t_mAP,0.6157978773117065
5aec09de,59,62776,train/loss,0.026286990883108034
5aec09de,59,62776,val/avg@1,0.7697851955890656
5aec09de,59,62776,val/i2t@5,0.9691358208656311
5aec09de,59,62776,val/t2i_mAP,0.649140477180481
5aec09de,59,62776,val/t2i@5,0.8660279512405396
5aec09de,59,62776,val/t2i@1,0.7023383975028992
5aec09de,59,62776,val/t2i_mINP,0.5085671544075012
5aec09de,59,62776,val/t2i@10,0.9184800386428833
5aec09de,59,62776,val/peak_vram_reserved_mb,14146
5aec09de,59,62776,val/peak_vram_allocated_mb,2396.80322265625
5aec09de,59,62776,val/i2t@10,0.9840805530548096
5aec09de,59,62776,val/i2t@1,0.8372319936752319
5aec09de,59,62776,val/i2t_mAP,0.6160560250282288
5aec09de,60,63840,train/loss,0.027762396107647833
5aec09de,60,63840,val/avg@1,0.7694602906703949
5aec09de,60,63840,val/i2t@5,0.9697855710983276
5aec09de,60,63840,val/t2i_mAP,0.6491847038269043
5aec09de,60,63840,val/t2i@5,0.8660279512405396
5aec09de,60,63840,val/t2i@1,0.7023383975028992
5aec09de,60,63840,val/t2i_mINP,0.5086237192153931
5aec09de,60,63840,val/t2i@10,0.9186424016952515
5aec09de,60,63840,val/peak_vram_reserved_mb,14146
5aec09de,60,63840,val/peak_vram_allocated_mb,2396.80322265625
5aec09de,60,63840,val/i2t@10,0.9840805530548096
5aec09de,60,63840,val/i2t@1,0.8365821838378906
5aec09de,60,63840,val/i2t_mAP,0.6159902215003967
