copied_path,bundle_source_path,source_path,source_snapshot_utc,bytes,sha256
epoch-history.md,derived,derived from the raw W&B probe and the copied 60-epoch CSV,2026-10-06T02:23:12+00:00,10340,e1d6ab5cbc6eea4bfc834a0f4707ff6f71d61768b837135e0a0d371232c24bd8
report.md,derived,derived from the collected evidence in this report,2026-10-06T02:20:02+00:00,18540,6fac7fdf7a77cc87fcea53c2b8d6d8f575624c8638b578bc65c0ec833663697d
.gitignore,derived,derived from the collected evidence in this report,2026-10-06T02:20:02+00:00,19,0c89fcf507b0cbd063372906828068d6a7756c24b3d6e649e4d92f7817f55eca
data/training_history.csv,data/training_history.csv,derived from W&B run 5aec09de API snapshot,2026-10-06T01:59:21+00:00,38935,fab90317bd4ccbe487fc7ce4a1220e486c300bf24570e2a3e4cbfb45b5e6817c
data/pure_run_summary.csv,data/pure_run_summary.csv,derived from W&B run 5aec09de API snapshot,2026-10-06T01:59:21+00:00,1397,93d49eb1582023ff82eb4c37e21e223b914f6657d870043fd59584501714e32a
data/pure_best_epoch_metrics.csv,data/pure_best_epoch_metrics.csv,derived from W&B run 5aec09de API snapshot,2026-10-06T01:59:21+00:00,649,b8e5ec4b443d2e6a147e4a7414909565b39599cb28a6388633e875c82d407dd3
data/experiment_records.csv,data/experiment_records.csv,derived from copied LabCLIP result JSONs and W&B metadata snapshots,2026-10-06T01:51:13+00:00,946,1929db915f6e0f5c0423fbe10e719a4f2c29b5e73fadc0a54faab7fb8ef88607
data/benchmark_rank_outcomes.csv,data/benchmark_rank_outcomes.csv,"derived from fixed benchmark queries, saved rank maps, and canonical CUHK-PEDES test annotations",2026-10-06T02:03:21+00:00,360,507c5ab8e5d532ca439dd9dec2a6a0bef7895a2bf48f6644bba59e9220477b22
data/benchmark_examples.csv,data/benchmark_examples.csv,"derived from fixed benchmark queries, saved rank maps, and canonical CUHK-PEDES test annotations",2026-10-06T02:03:21+00:00,1275,4fc6a97ac5754711e9a1ca0a2fda4db85e8d7969bdac77816ea9e6d785bedb26
data/benchmark_query_ranks_long.csv,data/benchmark_query_ranks_long.csv,"derived from fixed benchmark queries, saved rank maps, and canonical CUHK-PEDES test annotations",2026-10-06T02:03:21+00:00,6906,87fb1d21a3b3dd30dec63bfc0a5a1b5bc2324c8107c65961b147a4242da2133d
data/resource_observations.csv,data/resource_observations.csv,derived from collected source data; see README.md,2026-10-06T01:59:21+00:00,297,8da7500d14d7b53b2b6da6197bb7be24701f78520f01a777674efd9540c54901
data/benchmark_ground_truth_images.csv,data/benchmark_ground_truth_images.csv,"derived from fixed benchmark queries, saved rank maps, and canonical CUHK-PEDES test annotations",2026-10-06T02:03:21+00:00,10558,d6e0842252874f759885f329949d26c02a9db547c5f3c0c752383bc704ab3823
data/benchmark_query_ranks.csv,data/benchmark_query_ranks.csv,derived from copied God's Eye benchmark queries and three read-only saved evaluation JSONs,2026-10-06T02:16:22+00:00,23305,9e2bf2c5c598eb026ed0f2eaba3fcb397e641d8a131e2acdf185013584e7ea7e
data/runtime_paired_metrics.csv,data/runtime_paired_metrics.csv,derived from Gods Eye saved baseline and fine-tuned demo evaluation JSONs,2026-10-06T02:03:21+00:00,811,1c9731db3d9da2db7440c8f762c68a696d536a25f16bcdf0a8a35381dc53b0ac
data/pure_run_config.csv,data/pure_run_config.csv,derived from W&B run 5aec09de API snapshot,2026-10-06T01:59:21+00:00,1077,6e70c077fc00a6cf737fb6bd5df8ec8503f35d1cc079cb1f7daa9e2607af43f2
data/test_results.csv,data/test_results.csv,derived from copied LabCLIP result JSONs and W&B metadata snapshots,2026-10-06T01:51:13+00:00,1036,2db7951e30541eb9859412f9541e6a6515af83114e05259c804f232622ca0dfb
data/pure_training_history_wide.csv,data/pure_training_history_wide.csv,derived from W&B run 5aec09de API snapshot,2026-10-06T01:59:21+00:00,15251,305c4f33ac18755ab9f2457244d7579c58ce771ef31e3695bee398a7bd6babcc
data/pure_training_history.csv,data/pure_training_history.csv,derived from W&B run 5aec09de API snapshot,2026-10-06T01:59:21+00:00,38935,fab90317bd4ccbe487fc7ce4a1220e486c300bf24570e2a3e4cbfb45b5e6817c
evidence/pure_run_5aec09de.json,evidence/wandb_live/pure_run_5aec09de.json,https://wandb.ai/tonychoi179-jayn2u/labclip/runs/5aec09de,2026-10-06T01:49:40Z,42561,7e0e2895136f70ae330e9f95dd336a57b6922be01473332e77a2b2e6b012784c
evidence/20260925T102710448849Z-4d2dacaa.json,derived,derived from the collected evidence in this report,2026-10-06T02:16:43+00:00,2023,2ec125b8f04c9e5371ddd23b53c14c6380d0ae1c016b9ab320fc79647135f7b2
evidence/benchmark-queries.json,evidence/runtime/benchmark-queries.json,/mnt/data/gods-eye/indexes/benchmark-queries.json,2026-10-06T01:55:07+00:00,10391,e2687de4c10cf98abdd811f85463593d13613b673cb38ffc88f3257ad2ad1914
evidence/20260925T103714570282Z-4e99da16.json,derived,derived from the collected evidence in this report,2026-10-06T02:16:43+00:00,2022,e11f952bd0563d16e00d37017f2ae1403e1859b5ce0f0309baa865e6ecaf3ab4
evidence/primary_run_5zouq9g8.json,evidence/wandb_live/primary_run_5zouq9g8.json,https://wandb.ai/tonychoi179-jayn2u/labclip/runs/5zouq9g8,2026-10-06T01:44:23Z,2680,17b5a35802b522d1dd9b85f718d9f9f5f69ebfb591d0e5276ef5ad5ad25bee5c
evidence/pure_probe.json,output/evidence/pure_probe.json,https://wandb.ai/tonychoi179-jayn2u/labclip/5aec09de,2026-10-06T01:49:40Z,42561,7e0e2895136f70ae330e9f95dd336a57b6922be01473332e77a2b2e6b012784c
evidence/registration.json,evidence/runtime/registration.json,/mnt/data/gods-eye/.cache/huggingface/labclip-checkpoints/5a83880a9867c301a29a20c34d5b2cb73e853695996e3789fdd1c41386b7c91b/registration.json,2026-09-25T10:36:47+00:00,2076,da670d7c9533c01373234f802b8a37b579feaf5b3f8b34a0313711ac68f3642f
evidence/20260925T103759330565Z-ee677172.json,derived,derived from the collected evidence in this report,2026-10-06T02:16:43+00:00,2311,cc90d38a2d52b485df21ec8ab53fdfc8cc845afcabef1ab0757408d45cae064f
evidence/labclip_args.json,evidence/runtime/labclip_args.json,/mnt/data/gods-eye/.cache/huggingface/labclip-checkpoints/5a83880a9867c301a29a20c34d5b2cb73e853695996e3789fdd1c41386b7c91b/labclip_args.json,2026-10-06T01:49:39+00:00,2906,52a5d0a16d5c92d734ccaf82b19c2de0ad652db4edb337221134bada583e92d4
assets/supplementary_three_point_recall.svg,charts/supplementary_three_point_recall.svg,derived from collected source data; see README.md,2026-10-06T01:59:22+00:00,47094,53d3e5c00998d4f822d42385f730455b690ab2609531afefba627fd8d3ac723b
assets/supplementary_test_metrics.svg,charts/supplementary_test_metrics.svg,derived from collected source data; see README.md,2026-10-06T01:59:21+00:00,47845,6d0ff7d249a780b63341240318bbf94384bcfa450115a0c152ec934c6d4663d6
assets/runtime_paired_five_metrics.png,charts/runtime_paired_five_metrics.png,derived from Gods Eye saved baseline and fine-tuned demo evaluation JSONs,2026-10-06T02:03:22+00:00,89195,76369e923dea17f2be0611af587fb6b923fa6decc92ae9f365b60876cfa34264
assets/pure_validation_vram_snapshot.svg,charts/pure_validation_vram_snapshot.svg,derived from collected source data; see README.md,2026-10-06T01:59:22+00:00,37017,4b5bb055ad452cd5b8323cd8ddc0ea2cec18e975ff1048e4547f7442c04025f8
assets/runtime_paired_five_metrics.svg,charts/runtime_paired_five_metrics.svg,derived from Gods Eye saved baseline and fine-tuned demo evaluation JSONs,2026-10-06T02:03:22+00:00,55823,50ddd35e51bdfc982bb499966df7fab268b1c8bf21c1876845844da852789e45
assets/benchmark_query_rank_heatmap.png,charts/benchmark_query_rank_heatmap.png,"derived from fixed benchmark queries, saved rank maps, and canonical CUHK-PEDES test annotations",2026-10-06T02:03:23+00:00,128791,bd8884430b297816cc17777b4b02d92fe613ecc502a74701658c6a3f9d7ad364
assets/benchmark_query_rank_heatmap.svg,charts/benchmark_query_rank_heatmap.svg,"derived from fixed benchmark queries, saved rank maps, and canonical CUHK-PEDES test annotations",2026-10-06T02:03:24+00:00,71755,681c2ecd32dccd2e780226f42eb4de25ef5d3ae2b2bc7f51216a065b6784dc30
assets/benchmark_query_rank_scatter.svg,charts/benchmark_query_rank_scatter.svg,"derived from fixed benchmark queries, saved rank maps, and canonical CUHK-PEDES test annotations",2026-10-06T02:03:23+00:00,73914,6982bacc778ec448b24db33df75c915edf751eb44ac78d03a94fdf119c0b354a
assets/benchmark_query_rank_scatter.png,charts/benchmark_query_rank_scatter.png,"derived from fixed benchmark queries, saved rank maps, and canonical CUHK-PEDES test annotations",2026-10-06T02:03:22+00:00,115542,f4f768a19d553eb2e9f2b5e4c419f284ece387091dd921209c8cee4ecb04c6a0
assets/benchmark_rank_outcomes.png,charts/benchmark_rank_outcomes.png,"derived from fixed benchmark queries, saved rank maps, and canonical CUHK-PEDES test annotations",2026-10-06T02:03:24+00:00,49694,44bedf5b8d33f34170c889de3f7a9b986b7dca59e191c241ffa7ea949ae227d3
assets/pure_validation_vram_snapshot.png,charts/pure_validation_vram_snapshot.png,derived from collected source data; see README.md,2026-10-06T01:59:22+00:00,53271,b61466a77764fc4577abd268e6bafa26c7033ac7c19cd4484bd51cb769d3d611
assets/benchmark_rank_outcomes.svg,charts/benchmark_rank_outcomes.svg,"derived from fixed benchmark queries, saved rank maps, and canonical CUHK-PEDES test annotations",2026-10-06T02:03:24+00:00,33173,ccc18b69b4ee3d72f3f25120d9e2bb9f83cb9b0d5982922d100ae23eef0ad72e
assets/supplementary_three_point_recall.png,charts/supplementary_three_point_recall.png,derived from collected source data; see README.md,2026-10-06T01:59:22+00:00,93546,58ab81e99aaacc44dbeb02b44478bd894aa0caf6bd15f740271292c92a14d4f7
assets/pure_training_curves.png,charts/pure_training_curves.png,derived from collected source data; see README.md,2026-10-06T01:59:21+00:00,130808,34a914e66936a1f26d6b0578c25df4486e0c9a69fa6b76886a17b1a1dc9046ca
assets/supplementary_test_metrics.png,charts/supplementary_test_metrics.png,derived from collected source data; see README.md,2026-10-06T01:59:21+00:00,68993,92606c1eb3c725a6ee40f7ec0185a9388892756c737900a5862e2029d4f7bba9
assets/pure_training_curves.svg,charts/pure_training_curves.svg,derived from collected source data; see README.md,2026-10-06T01:59:21+00:00,60521,d2b39e8afa8670ed71699cde26a5d0f466759055ff88ef206ae54c164f664b24
evidence/lab_clip/test_results/cuhk-pedes_test.json,evidence/lab_clip/test_results/cuhk-pedes_test.json,/mnt/data/lab_clip/results/08-24/val-kfold-test/cuhk-pedes_test.json,2026-08-24T05:20:58+00:00,946,337d76c79ada7475d547e21acf4bb811c46e68788458f78f0572b6c5888be1b6
evidence/lab_clip/test_results/icfg-pedes_test.json,evidence/lab_clip/test_results/icfg-pedes_test.json,/mnt/data/lab_clip/results/08-24/val-kfold-test/icfg-pedes_test.json,2026-08-24T05:23:36+00:00,943,7e21947a955fb2d794cb5c23a64e99c78f8b358812e9ac4d317f4dc158292e65
evidence/lab_clip/test_results/rstpreid_test.json,evidence/lab_clip/test_results/rstpreid_test.json,/mnt/data/lab_clip/results/08-24/val-kfold-test/rstpreid_test.json,2026-08-24T05:24:29+00:00,928,672ebcbd7a3cbaa6cfe2370820b0fdb00c876d71104b8e52806f356c49fa74af
evidence/lab_clip/train_metadata/icfg-pedes_wandb_meta.json,evidence/lab_clip/train_metadata/icfg-pedes_wandb_meta.json,/mnt/data/lab_clip/artifacts/downloaded/val-kfold-test/icfg-pedes/wandb_meta.json,2026-08-24T05:16:57+00:00,599,6d542488bda73646c2535f620fe08e9f84fb59350adcd07f3baf1ab13dc732e2
evidence/lab_clip/train_metadata/rstpreid_wandb_meta.json,evidence/lab_clip/train_metadata/rstpreid_wandb_meta.json,/mnt/data/lab_clip/artifacts/downloaded/val-kfold-test/rstpreid/wandb_meta.json,2026-08-24T05:17:20+00:00,593,d14a6a86f6bd989b1db80dccd38a68af09e850da00876e2420d1d9be988b0150
evidence/lab_clip/train_metadata/cuhk-pedes_wandb_meta.json,evidence/lab_clip/train_metadata/cuhk-pedes_wandb_meta.json,/mnt/data/lab_clip/artifacts/downloaded/val-kfold-test/cuhk-pedes/wandb_meta.json,2026-08-24T05:16:33+00:00,567,7999361eed3a70ac21c70d055c2d0df591a8efb6fa80d247f778955429c4001b
